symbol,exchange,source,confidence,notes
A32,UPCOM,vietcap_iq:exchange_listings.csv:20260604T101513Z|vietcap_iq:symbol_universe.csv:20260604T101513Z,high,source-backed exchange metadata from captured Vietcap IQ and/or HOSE universe dry-run files
AAA,HOSE,hose:exchange_listings.csv:20260603T080254Z|hose:symbol_universe.csv:20260603T080254Z|vietcap_iq:exchange_listings.csv:20260604T101513Z|vietcap_iq:symbol_universe.csv:20260604T101513Z,high,source-backed exchange metadata from captured Vietcap IQ and/or HOSE universe dry-run files
AAH,UPCOM,vietcap_iq:exchange_listings.csv:20260604T101513Z|vietcap_iq:symbol_universe.csv:20260604T101513Z,high,source-backed exchange metadata from captured Vietcap IQ and/or HOSE universe dry-run files
AAM,HOSE,hose:exchange_listings.csv:20260603T080254Z|hose:symbol_universe.csv:20260603T080254Z|vietcap_iq:exchange_listings.csv:20260604T101513Z|vietcap_iq:symbol_universe.csv:20260604T101513Z,high,source-backed exchange metadata from captured Vietcap IQ and/or HOSE universe dry-run files
AAN,HOSE,hose:exchange_listings.csv:20260603T080254Z|hose:symbol_universe.csv:20260603T080254Z|vietcap_iq:exchange_listings.csv:20260604T101513Z|vietcap_iq:symbol_universe.csv:20260604T101513Z,high,source-backed exchange metadata from captured Vietcap IQ and/or HOSE universe dry-run files
AAS,UPCOM,vietcap_iq:exchange_listings.csv:20260604T101513Z|vietcap_iq:symbol_universe.csv:20260604T101513Z,high,source-backed exchange metadata from captured Vietcap IQ and/or HOSE universe dry-run files
AAT,HOSE,hose:exchange_listings.csv:20260603T080254Z|hose:symbol_universe.csv:20260603T080254Z|vietcap_iq:exchange_listings.csv:20260604T101513Z|vietcap_iq:symbol_universe.csv:20260604T101513Z,high,source-backed exchange metadata from captured Vietcap IQ and/or HOSE universe dry-run files
AAV,UPCOM,vietcap_iq:exchange_listings.csv:20260604T101513Z|vietcap_iq:symbol_universe.csv:20260604T101513Z,high,source-backed exchange metadata from captured Vietcap IQ and/or HOSE universe dry-run files
ABB,UPCOM,vietcap_iq:exchange_listings.csv:20260604T101513Z|vietcap_iq:symbol_universe.csv:20260604T101513Z,high,source-backed exchange metadata from captured Vietcap IQ and/or HOSE universe dry-run files
ABC,UPCOM,vietcap_iq:exchange_listings.csv:20260604T101513Z|vietcap_iq:symbol_universe.csv:20260604T101513Z,high,source-backed exchange metadata from captured Vietcap IQ and/or HOSE universe dry-run files
ABI,UPCOM,vietcap_iq:exchange_listings.csv:20260604T101513Z|vietcap_iq:symbol_universe.csv:20260604T101513Z,high,source-backed exchange metadata from captured Vietcap IQ and/or HOSE universe dry-run files
ABR,HOSE,hose:exchange_listings.csv:20260603T080254Z|hose:symbol_universe.csv:20260603T080254Z|vietcap_iq:exchange_listings.csv:20260604T101513Z|vietcap_iq:symbol_universe.csv:20260604T101513Z,high,source-backed exchange metadata from captured Vietcap IQ and/or HOSE universe dry-run files
ABS,HOSE,hose:exchange_listings.csv:20260603T080254Z|hose:symbol_universe.csv:20260603T080254Z|vietcap_iq:exchange_listings.csv:20260604T101513Z|vietcap_iq:symbol_universe.csv:20260604T101513Z,high,source-backed exchange metadata from captured Vietcap IQ and/or HOSE universe dry-run files
ABT,HOSE,hose:exchange_listings.csv:20260603T080254Z|hose:symbol_universe.csv:20260603T080254Z|vietcap_iq:exchange_listings.csv:20260604T101513Z|vietcap_iq:symbol_universe.csv:20260604T101513Z,high,source-backed exchange metadata from captured Vietcap IQ and/or HOSE universe dry-run files
ABW,UPCOM,vietcap_iq:exchange_listings.csv:20260604T101513Z|vietcap_iq:symbol_universe.csv:20260604T101513Z,high,source-backed exchange metadata from captured Vietcap IQ and/or HOSE universe dry-run files
ACB,HOSE,hose:exchange_listings.csv:20260603T080254Z|hose:symbol_universe.csv:20260603T080254Z|vietcap_iq:exchange_listings.csv:20260604T101513Z|vietcap_iq:symbol_universe.csv:20260604T101513Z,high,source-backed exchange metadata from captured Vietcap IQ and/or HOSE universe dry-run files
ACC,HOSE,hose:exchange_listings.csv:20260603T080254Z|hose:symbol_universe.csv:20260603T080254Z|vietcap_iq:exchange_listings.csv:20260604T101513Z|vietcap_iq:symbol_universe.csv:20260604T101513Z,high,source-backed exchange metadata from captured Vietcap IQ and/or HOSE universe dry-run files
ACE,UPCOM,vietcap_iq:exchange_listings.csv:20260604T101513Z|vietcap_iq:symbol_universe.csv:20260604T101513Z,high,source-backed exchange metadata from captured Vietcap IQ and/or HOSE universe dry-run files
ACG,HOSE,hose:exchange_listings.csv:20260603T080254Z|hose:symbol_universe.csv:20260603T080254Z|vietcap_iq:exchange_listings.csv:20260604T101513Z|vietcap_iq:symbol_universe.csv:20260604T101513Z,high,source-backed exchange metadata from captured Vietcap IQ and/or HOSE universe dry-run files
ACL,HOSE,hose:exchange_listings.csv:20260603T080254Z|hose:symbol_universe.csv:20260603T080254Z|vietcap_iq:exchange_listings.csv:20260604T101513Z|vietcap_iq:symbol_universe.csv:20260604T101513Z,high,source-backed exchange metadata from captured Vietcap IQ and/or HOSE universe dry-run files
ACM,UPCOM,vietcap_iq:exchange_listings.csv:20260604T101513Z|vietcap_iq:symbol_universe.csv:20260604T101513Z,high,source-backed exchange metadata from captured Vietcap IQ and/or HOSE universe dry-run files
ACS,UPCOM,vietcap_iq:exchange_listings.csv:20260604T101513Z|vietcap_iq:symbol_universe.csv:20260604T101513Z,high,source-backed exchange metadata from captured Vietcap IQ and/or HOSE universe dry-run files
ACV,UPCOM,vietcap_iq:exchange_listings.csv:20260604T101513Z|vietcap_iq:symbol_universe.csv:20260604T101513Z,high,source-backed exchange metadata from captured Vietcap IQ and/or HOSE universe dry-run files
ADC,HNX,vietcap_iq:exchange_listings.csv:20260604T101513Z|vietcap_iq:symbol_universe.csv:20260604T101513Z,high,source-backed exchange metadata from captured Vietcap IQ and/or HOSE universe dry-run files
ADG,HOSE,hose:exchange_listings.csv:20260603T080254Z|hose:symbol_universe.csv:20260603T080254Z|vietcap_iq:exchange_listings.csv:20260604T101513Z|vietcap_iq:symbol_universe.csv:20260604T101513Z,high,source-backed exchange metadata from captured Vietcap IQ and/or HOSE universe dry-run files
ADP,HOSE,hose:exchange_listings.csv:20260603T080254Z|hose:symbol_universe.csv:20260603T080254Z|vietcap_iq:exchange_listings.csv:20260604T101513Z|vietcap_iq:symbol_universe.csv:20260604T101513Z,high,source-backed exchange metadata from captured Vietcap IQ and/or HOSE universe dry-run files
ADS,HOSE,hose:exchange_listings.csv:20260603T080254Z|hose:symbol_universe.csv:20260603T080254Z|vietcap_iq:exchange_listings.csv:20260604T101513Z|vietcap_iq:symbol_universe.csv:20260604T101513Z,high,source-backed exchange metadata from captured Vietcap IQ and/or HOSE universe dry-run files
AFX,HOSE,hose:exchange_listings.csv:20260603T080254Z|hose:symbol_universe.csv:20260603T080254Z|vietcap_iq:exchange_listings.csv:20260604T101513Z|vietcap_iq:symbol_universe.csv:20260604T101513Z,high,source-backed exchange metadata from captured Vietcap IQ and/or HOSE universe dry-run files
AG1,UPCOM,vietcap_iq:exchange_listings.csv:20260604T101513Z|vietcap_iq:symbol_universe.csv:20260604T101513Z,high,source-backed exchange metadata from captured Vietcap IQ and/or HOSE universe dry-run files
AGF,UPCOM,vietcap_iq:exchange_listings.csv:20260604T101513Z|vietcap_iq:symbol_universe.csv:20260604T101513Z,high,source-backed exchange metadata from captured Vietcap IQ and/or HOSE universe dry-run files
AGG,HOSE,hose:exchange_listings.csv:20260603T080254Z|hose:symbol_universe.csv:20260603T080254Z|vietcap_iq:exchange_listings.csv:20260604T101513Z|vietcap_iq:symbol_universe.csv:20260604T101513Z,high,source-backed exchange metadata from captured Vietcap IQ and/or HOSE universe dry-run files
AGM,UPCOM,vietcap_iq:exchange_listings.csv:20260604T101513Z|vietcap_iq:symbol_universe.csv:20260604T101513Z,high,source-backed exchange metadata from captured Vietcap IQ and/or HOSE universe dry-run files
AGP,UPCOM,vietcap_iq:exchange_listings.csv:20260604T101513Z|vietcap_iq:symbol_universe.csv:20260604T101513Z,high,source-backed exchange metadata from captured Vietcap IQ and/or HOSE universe dry-run files
AGR,HOSE,hose:exchange_listings.csv:20260603T080254Z|hose:symbol_universe.csv:20260603T080254Z|vietcap_iq:exchange_listings.csv:20260604T101513Z|vietcap_iq:symbol_universe.csv:20260604T101513Z,high,source-backed exchange metadata from captured Vietcap IQ and/or HOSE universe dry-run files
AGX,UPCOM,vietcap_iq:exchange_listings.csv:20260604T101513Z|vietcap_iq:symbol_universe.csv:20260604T101513Z,high,source-backed exchange metadata from captured Vietcap IQ and/or HOSE universe dry-run files
AIC,UPCOM,vietcap_iq:exchange_listings.csv:20260604T101513Z|vietcap_iq:symbol_universe.csv:20260604T101513Z,high,source-backed exchange metadata from captured Vietcap IQ and/or HOSE universe dry-run files
AIG,UPCOM,vietcap_iq:exchange_listings.csv:20260604T101513Z|vietcap_iq:symbol_universe.csv:20260604T101513Z,high,source-backed exchange metadata from captured Vietcap IQ and/or HOSE universe dry-run files
ALC,UPCOM,vietcap_iq:exchange_listings.csv:20260604T101513Z|vietcap_iq:symbol_universe.csv:20260604T101513Z,high,source-backed exchange metadata from captured Vietcap IQ and/or HOSE universe dry-run files
ALT,HNX,vietcap_iq:exchange_listings.csv:20260604T101513Z|vietcap_iq:symbol_universe.csv:20260604T101513Z,high,source-backed exchange metadata from captured Vietcap IQ and/or HOSE universe dry-run files
ALV,UPCOM,vietcap_iq:exchange_listings.csv:20260604T101513Z|vietcap_iq:symbol_universe.csv:20260604T101513Z,high,source-backed exchange metadata from captured Vietcap IQ and/or HOSE universe dry-run files
AMC,HNX,vietcap_iq:exchange_listings.csv:20260604T101513Z|vietcap_iq:symbol_universe.csv:20260604T101513Z,high,source-backed exchange metadata from captured Vietcap IQ and/or HOSE universe dry-run files
AME,HNX,vietcap_iq:exchange_listings.csv:20260604T101513Z|vietcap_iq:symbol_universe.csv:20260604T101513Z,high,source-backed exchange metadata from captured Vietcap IQ and/or HOSE universe dry-run files
AMP,UPCOM,vietcap_iq:exchange_listings.csv:20260604T101513Z|vietcap_iq:symbol_universe.csv:20260604T101513Z,high,source-backed exchange metadata from captured Vietcap IQ and/or HOSE universe dry-run files
AMS,UPCOM,vietcap_iq:exchange_listings.csv:20260604T101513Z|vietcap_iq:symbol_universe.csv:20260604T101513Z,high,source-backed exchange metadata from captured Vietcap IQ and/or HOSE universe dry-run files
AMV,HNX,vietcap_iq:exchange_listings.csv:20260604T101513Z|vietcap_iq:symbol_universe.csv:20260604T101513Z,high,source-backed exchange metadata from captured Vietcap IQ and/or HOSE universe dry-run files
ANT,HOSE,hose:exchange_listings.csv:20260603T080254Z|hose:symbol_universe.csv:20260603T080254Z|vietcap_iq:exchange_listings.csv:20260604T101513Z|vietcap_iq:symbol_universe.csv:20260604T101513Z,high,source-backed exchange metadata from captured Vietcap IQ and/or HOSE universe dry-run files
ANV,HOSE,hose:exchange_listings.csv:20260603T080254Z|hose:symbol_universe.csv:20260603T080254Z|vietcap_iq:exchange_listings.csv:20260604T101513Z|vietcap_iq:symbol_universe.csv:20260604T101513Z,high,source-backed exchange metadata from captured Vietcap IQ and/or HOSE universe dry-run files
APC,UPCOM,vietcap_iq:exchange_listings.csv:20260604T101513Z|vietcap_iq:symbol_universe.csv:20260604T101513Z,high,source-backed exchange metadata from captured Vietcap IQ and/or HOSE universe dry-run files
APF,UPCOM,vietcap_iq:exchange_listings.csv:20260604T101513Z|vietcap_iq:symbol_universe.csv:20260604T101513Z,high,source-backed exchange metadata from captured Vietcap IQ and/or HOSE universe dry-run files
APG,HOSE,hose:exchange_listings.csv:20260603T080254Z|hose:symbol_universe.csv:20260603T080254Z|vietcap_iq:exchange_listings.csv:20260604T101513Z|vietcap_iq:symbol_universe.csv:20260604T101513Z,high,source-backed exchange metadata from captured Vietcap IQ and/or HOSE universe dry-run files
APH,HOSE,hose:exchange_listings.csv:20260603T080254Z|hose:symbol_universe.csv:20260603T080254Z|vietcap_iq:exchange_listings.csv:20260604T101513Z|vietcap_iq:symbol_universe.csv:20260604T101513Z,high,source-backed exchange metadata from captured Vietcap IQ and/or HOSE universe dry-run files
API,HNX,vietcap_iq:exchange_listings.csv:20260604T101513Z|vietcap_iq:symbol_universe.csv:20260604T101513Z,high,source-backed exchange metadata from captured Vietcap IQ and/or HOSE universe dry-run files
APL,UPCOM,vietcap_iq:exchange_listings.csv:20260604T101513Z|vietcap_iq:symbol_universe.csv:20260604T101513Z,high,source-backed exchange metadata from captured Vietcap IQ and/or HOSE universe dry-run files
APP,UPCOM,vietcap_iq:exchange_listings.csv:20260604T101513Z|vietcap_iq:symbol_universe.csv:20260604T101513Z,high,source-backed exchange metadata from captured Vietcap IQ and/or HOSE universe dry-run files
APS,HNX,vietcap_iq:exchange_listings.csv:20260604T101513Z|vietcap_iq:symbol_universe.csv:20260604T101513Z,high,source-backed exchange metadata from captured Vietcap IQ and/or HOSE universe dry-run files
APT,UPCOM,vietcap_iq:exchange_listings.csv:20260604T101513Z|vietcap_iq:symbol_universe.csv:20260604T101513Z,high,source-backed exchange metadata from captured Vietcap IQ and/or HOSE universe dry-run files
ARM,HNX,vietcap_iq:exchange_listings.csv:20260604T101513Z|vietcap_iq:symbol_universe.csv:20260604T101513Z,high,source-backed exchange metadata from captured Vietcap IQ and/or HOSE universe dry-run files
ART,UPCOM,vietcap_iq:exchange_listings.csv:20260604T101513Z|vietcap_iq:symbol_universe.csv:20260604T101513Z,high,source-backed exchange metadata from captured Vietcap IQ and/or HOSE universe dry-run files
ASG,HOSE,hose:exchange_listings.csv:20260603T080254Z|hose:symbol_universe.csv:20260603T080254Z|vietcap_iq:exchange_listings.csv:20260604T101513Z|vietcap_iq:symbol_universe.csv:20260604T101513Z,high,source-backed exchange metadata from captured Vietcap IQ and/or HOSE universe dry-run files
ASM,HOSE,hose:exchange_listings.csv:20260603T080254Z|hose:symbol_universe.csv:20260603T080254Z|vietcap_iq:exchange_listings.csv:20260604T101513Z|vietcap_iq:symbol_universe.csv:20260604T101513Z,high,source-backed exchange metadata from captured Vietcap IQ and/or HOSE universe dry-run files
ASP,HOSE,hose:exchange_listings.csv:20260603T080254Z|hose:symbol_universe.csv:20260603T080254Z|vietcap_iq:exchange_listings.csv:20260604T101513Z|vietcap_iq:symbol_universe.csv:20260604T101513Z,high,source-backed exchange metadata from captured Vietcap IQ and/or HOSE universe dry-run files
AST,HOSE,hose:exchange_listings.csv:20260603T080254Z|hose:symbol_universe.csv:20260603T080254Z|vietcap_iq:exchange_listings.csv:20260604T101513Z|vietcap_iq:symbol_universe.csv:20260604T101513Z,high,source-backed exchange metadata from captured Vietcap IQ and/or HOSE universe dry-run files
ATA,UPCOM,vietcap_iq:exchange_listings.csv:20260604T101513Z|vietcap_iq:symbol_universe.csv:20260604T101513Z,high,source-backed exchange metadata from captured Vietcap IQ and/or HOSE universe dry-run files
ATG,UPCOM,vietcap_iq:exchange_listings.csv:20260604T101513Z|vietcap_iq:symbol_universe.csv:20260604T101513Z,high,source-backed exchange metadata from captured Vietcap IQ and/or HOSE universe dry-run files
ATS,HNX,vietcap_iq:exchange_listings.csv:20260604T101513Z|vietcap_iq:symbol_universe.csv:20260604T101513Z,high,source-backed exchange metadata from captured Vietcap IQ and/or HOSE universe dry-run files
AVC,UPCOM,vietcap_iq:exchange_listings.csv:20260604T101513Z|vietcap_iq:symbol_universe.csv:20260604T101513Z,high,source-backed exchange metadata from captured Vietcap IQ and/or HOSE universe dry-run files
AVG,UPCOM,vietcap_iq:exchange_listings.csv:20260604T101513Z|vietcap_iq:symbol_universe.csv:20260604T101513Z,high,source-backed exchange metadata from captured Vietcap IQ and/or HOSE universe dry-run files
BAB,HNX,vietcap_iq:exchange_listings.csv:20260604T101513Z|vietcap_iq:symbol_universe.csv:20260604T101513Z,high,source-backed exchange metadata from captured Vietcap IQ and/or HOSE universe dry-run files
BAF,HOSE,hose:exchange_listings.csv:20260603T080254Z|hose:symbol_universe.csv:20260603T080254Z|vietcap_iq:exchange_listings.csv:20260604T101513Z|vietcap_iq:symbol_universe.csv:20260604T101513Z,high,source-backed exchange metadata from captured Vietcap IQ and/or HOSE universe dry-run files
BAL,UPCOM,vietcap_iq:exchange_listings.csv:20260604T101513Z|vietcap_iq:symbol_universe.csv:20260604T101513Z,high,source-backed exchange metadata from captured Vietcap IQ and/or HOSE universe dry-run files
BAX,HNX,vietcap_iq:exchange_listings.csv:20260604T101513Z|vietcap_iq:symbol_universe.csv:20260604T101513Z,high,source-backed exchange metadata from captured Vietcap IQ and/or HOSE universe dry-run files
BBH,UPCOM,vietcap_iq:exchange_listings.csv:20260604T101513Z|vietcap_iq:symbol_universe.csv:20260604T101513Z,high,source-backed exchange metadata from captured Vietcap IQ and/or HOSE universe dry-run files
BBM,UPCOM,vietcap_iq:exchange_listings.csv:20260604T101513Z|vietcap_iq:symbol_universe.csv:20260604T101513Z,high,source-backed exchange metadata from captured Vietcap IQ and/or HOSE universe dry-run files
BBS,HNX,vietcap_iq:exchange_listings.csv:20260604T101513Z|vietcap_iq:symbol_universe.csv:20260604T101513Z,high,source-backed exchange metadata from captured Vietcap IQ and/or HOSE universe dry-run files
BBT,UPCOM,vietcap_iq:exchange_listings.csv:20260604T101513Z|vietcap_iq:symbol_universe.csv:20260604T101513Z,high,source-backed exchange metadata from captured Vietcap IQ and/or HOSE universe dry-run files
BCA,UPCOM,vietcap_iq:exchange_listings.csv:20260604T101513Z|vietcap_iq:symbol_universe.csv:20260604T101513Z,high,source-backed exchange metadata from captured Vietcap IQ and/or HOSE universe dry-run files
BCB,UPCOM,vietcap_iq:exchange_listings.csv:20260604T101513Z|vietcap_iq:symbol_universe.csv:20260604T101513Z,high,source-backed exchange metadata from captured Vietcap IQ and/or HOSE universe dry-run files
BCC,HNX,vietcap_iq:exchange_listings.csv:20260604T101513Z|vietcap_iq:symbol_universe.csv:20260604T101513Z,high,source-backed exchange metadata from captured Vietcap IQ and/or HOSE universe dry-run files
BCE,HOSE,hose:exchange_listings.csv:20260603T080254Z|hose:symbol_universe.csv:20260603T080254Z|vietcap_iq:exchange_listings.csv:20260604T101513Z|vietcap_iq:symbol_universe.csv:20260604T101513Z,high,source-backed exchange metadata from captured Vietcap IQ and/or HOSE universe dry-run files
BCF,HNX,vietcap_iq:exchange_listings.csv:20260604T101513Z|vietcap_iq:symbol_universe.csv:20260604T101513Z,high,source-backed exchange metadata from captured Vietcap IQ and/or HOSE universe dry-run files
BCG,HOSE,hose:exchange_listings.csv:20260603T080254Z|hose:symbol_universe.csv:20260603T080254Z|vietcap_iq:exchange_listings.csv:20260604T101513Z|vietcap_iq:symbol_universe.csv:20260604T101513Z,high,source-backed exchange metadata from captured Vietcap IQ and/or HOSE universe dry-run files
BCM,HOSE,hose:exchange_listings.csv:20260603T080254Z|hose:symbol_universe.csv:20260603T080254Z|vietcap_iq:exchange_listings.csv:20260604T101513Z|vietcap_iq:symbol_universe.csv:20260604T101513Z,high,source-backed exchange metadata from captured Vietcap IQ and/or HOSE universe dry-run files
BCP,UPCOM,vietcap_iq:exchange_listings.csv:20260604T101513Z|vietcap_iq:symbol_universe.csv:20260604T101513Z,high,source-backed exchange metadata from captured Vietcap IQ and/or HOSE universe dry-run files
BCR,UPCOM,vietcap_iq:exchange_listings.csv:20260604T101513Z|vietcap_iq:symbol_universe.csv:20260604T101513Z,high,source-backed exchange metadata from captured Vietcap IQ and/or HOSE universe dry-run files
BCV,UPCOM,vietcap_iq:exchange_listings.csv:20260604T101513Z|vietcap_iq:symbol_universe.csv:20260604T101513Z,high,source-backed exchange metadata from captured Vietcap IQ and/or HOSE universe dry-run files
BDG,UPCOM,vietcap_iq:exchange_listings.csv:20260604T101513Z|vietcap_iq:symbol_universe.csv:20260604T101513Z,high,source-backed exchange metadata from captured Vietcap IQ and/or HOSE universe dry-run files
BDT,UPCOM,vietcap_iq:exchange_listings.csv:20260604T101513Z|vietcap_iq:symbol_universe.csv:20260604T101513Z,high,source-backed exchange metadata from captured Vietcap IQ and/or HOSE universe dry-run files
BDW,UPCOM,vietcap_iq:exchange_listings.csv:20260604T101513Z|vietcap_iq:symbol_universe.csv:20260604T101513Z,high,source-backed exchange metadata from captured Vietcap IQ and/or HOSE universe dry-run files
BED,HNX,vietcap_iq:exchange_listings.csv:20260604T101513Z|vietcap_iq:symbol_universe.csv:20260604T101513Z,high,source-backed exchange metadata from captured Vietcap IQ and/or HOSE universe dry-run files
BEL,UPCOM,vietcap_iq:exchange_listings.csv:20260604T101513Z|vietcap_iq:symbol_universe.csv:20260604T101513Z,high,source-backed exchange metadata from captured Vietcap IQ and/or HOSE universe dry-run files
BFC,HOSE,hose:exchange_listings.csv:20260603T080254Z|hose:symbol_universe.csv:20260603T080254Z|vietcap_iq:exchange_listings.csv:20260604T101513Z|vietcap_iq:symbol_universe.csv:20260604T101513Z,high,source-backed exchange metadata from captured Vietcap IQ and/or HOSE universe dry-run files
BGE,UPCOM,vietcap_iq:exchange_listings.csv:20260604T101513Z|vietcap_iq:symbol_universe.csv:20260604T101513Z,high,source-backed exchange metadata from captured Vietcap IQ and/or HOSE universe dry-run files
BGW,UPCOM,vietcap_iq:exchange_listings.csv:20260604T101513Z|vietcap_iq:symbol_universe.csv:20260604T101513Z,high,source-backed exchange metadata from captured Vietcap IQ and/or HOSE universe dry-run files
BHA,UPCOM,vietcap_iq:exchange_listings.csv:20260604T101513Z|vietcap_iq:symbol_universe.csv:20260604T101513Z,high,source-backed exchange metadata from captured Vietcap IQ and/or HOSE universe dry-run files
BHC,UPCOM,vietcap_iq:exchange_listings.csv:20260604T101513Z|vietcap_iq:symbol_universe.csv:20260604T101513Z,high,source-backed exchange metadata from captured Vietcap IQ and/or HOSE universe dry-run files
BHG,UPCOM,vietcap_iq:exchange_listings.csv:20260604T101513Z|vietcap_iq:symbol_universe.csv:20260604T101513Z,high,source-backed exchange metadata from captured Vietcap IQ and/or HOSE universe dry-run files
BHH,UPCOM,vietcap_iq:exchange_listings.csv:20260604T101513Z|vietcap_iq:symbol_universe.csv:20260604T101513Z,high,source-backed exchange metadata from captured Vietcap IQ and/or HOSE universe dry-run files
BHI,UPCOM,vietcap_iq:exchange_listings.csv:20260604T101513Z|vietcap_iq:symbol_universe.csv:20260604T101513Z,high,source-backed exchange metadata from captured Vietcap IQ and/or HOSE universe dry-run files
BHK,UPCOM,vietcap_iq:exchange_listings.csv:20260604T101513Z|vietcap_iq:symbol_universe.csv:20260604T101513Z,high,source-backed exchange metadata from captured Vietcap IQ and/or HOSE universe dry-run files
BHN,HOSE,hose:exchange_listings.csv:20260603T080254Z|hose:symbol_universe.csv:20260603T080254Z|vietcap_iq:exchange_listings.csv:20260604T101513Z|vietcap_iq:symbol_universe.csv:20260604T101513Z,high,source-backed exchange metadata from captured Vietcap IQ and/or HOSE universe dry-run files
BHP,UPCOM,vietcap_iq:exchange_listings.csv:20260604T101513Z|vietcap_iq:symbol_universe.csv:20260604T101513Z,high,source-backed exchange metadata from captured Vietcap IQ and/or HOSE universe dry-run files
BIC,HOSE,hose:exchange_listings.csv:20260603T080254Z|hose:symbol_universe.csv:20260603T080254Z|vietcap_iq:exchange_listings.csv:20260604T101513Z|vietcap_iq:symbol_universe.csv:20260604T101513Z,high,source-backed exchange metadata from captured Vietcap IQ and/or HOSE universe dry-run files
BID,HOSE,hose:exchange_listings.csv:20260603T080254Z|hose:symbol_universe.csv:20260603T080254Z|vietcap_iq:exchange_listings.csv:20260604T101513Z|vietcap_iq:symbol_universe.csv:20260604T101513Z,high,source-backed exchange metadata from captured Vietcap IQ and/or HOSE universe dry-run files
BIG,UPCOM,vietcap_iq:exchange_listings.csv:20260604T101513Z|vietcap_iq:symbol_universe.csv:20260604T101513Z,high,source-backed exchange metadata from captured Vietcap IQ and/or HOSE universe dry-run files
BIO,UPCOM,vietcap_iq:exchange_listings.csv:20260604T101513Z|vietcap_iq:symbol_universe.csv:20260604T101513Z,high,source-backed exchange metadata from captured Vietcap IQ and/or HOSE universe dry-run files
BKC,HNX,vietcap_iq:exchange_listings.csv:20260604T101513Z|vietcap_iq:symbol_universe.csv:20260604T101513Z,high,source-backed exchange metadata from captured Vietcap IQ and/or HOSE universe dry-run files
BKG,HOSE,hose:exchange_listings.csv:20260603T080254Z|hose:symbol_universe.csv:20260603T080254Z|vietcap_iq:exchange_listings.csv:20260604T101513Z|vietcap_iq:symbol_universe.csv:20260604T101513Z,high,source-backed exchange metadata from captured Vietcap IQ and/or HOSE universe dry-run files
BLF,UPCOM,vietcap_iq:exchange_listings.csv:20260604T101513Z|vietcap_iq:symbol_universe.csv:20260604T101513Z,high,source-backed exchange metadata from captured Vietcap IQ and/or HOSE universe dry-run files
BLI,UPCOM,vietcap_iq:exchange_listings.csv:20260604T101513Z|vietcap_iq:symbol_universe.csv:20260604T101513Z,high,source-backed exchange metadata from captured Vietcap IQ and/or HOSE universe dry-run files
BLN,UPCOM,vietcap_iq:exchange_listings.csv:20260604T101513Z|vietcap_iq:symbol_universe.csv:20260604T101513Z,high,source-backed exchange metadata from captured Vietcap IQ and/or HOSE universe dry-run files
BLT,UPCOM,vietcap_iq:exchange_listings.csv:20260604T101513Z|vietcap_iq:symbol_universe.csv:20260604T101513Z,high,source-backed exchange metadata from captured Vietcap IQ and/or HOSE universe dry-run files
BMC,HOSE,hose:exchange_listings.csv:20260603T080254Z|hose:symbol_universe.csv:20260603T080254Z|vietcap_iq:exchange_listings.csv:20260604T101513Z|vietcap_iq:symbol_universe.csv:20260604T101513Z,high,source-backed exchange metadata from captured Vietcap IQ and/or HOSE universe dry-run files
BMD,UPCOM,vietcap_iq:exchange_listings.csv:20260604T101513Z|vietcap_iq:symbol_universe.csv:20260604T101513Z,high,source-backed exchange metadata from captured Vietcap IQ and/or HOSE universe dry-run files
BMF,UPCOM,vietcap_iq:exchange_listings.csv:20260604T101513Z|vietcap_iq:symbol_universe.csv:20260604T101513Z,high,source-backed exchange metadata from captured Vietcap IQ and/or HOSE universe dry-run files
BMG,UPCOM,vietcap_iq:exchange_listings.csv:20260604T101513Z|vietcap_iq:symbol_universe.csv:20260604T101513Z,high,source-backed exchange metadata from captured Vietcap IQ and/or HOSE universe dry-run files
BMI,HOSE,hose:exchange_listings.csv:20260603T080254Z|hose:symbol_universe.csv:20260603T080254Z|vietcap_iq:exchange_listings.csv:20260604T101513Z|vietcap_iq:symbol_universe.csv:20260604T101513Z,high,source-backed exchange metadata from captured Vietcap IQ and/or HOSE universe dry-run files
BMJ,UPCOM,vietcap_iq:exchange_listings.csv:20260604T101513Z|vietcap_iq:symbol_universe.csv:20260604T101513Z,high,source-backed exchange metadata from captured Vietcap IQ and/or HOSE universe dry-run files
BMK,UPCOM,vietcap_iq:exchange_listings.csv:20260604T101513Z|vietcap_iq:symbol_universe.csv:20260604T101513Z,high,source-backed exchange metadata from captured Vietcap IQ and/or HOSE universe dry-run files
BMP,HOSE,hose:exchange_listings.csv:20260603T080254Z|hose:symbol_universe.csv:20260603T080254Z|vietcap_iq:exchange_listings.csv:20260604T101513Z|vietcap_iq:symbol_universe.csv:20260604T101513Z,high,source-backed exchange metadata from captured Vietcap IQ and/or HOSE universe dry-run files
BMS,UPCOM,vietcap_iq:exchange_listings.csv:20260604T101513Z|vietcap_iq:symbol_universe.csv:20260604T101513Z,high,source-backed exchange metadata from captured Vietcap IQ and/or HOSE universe dry-run files
BMV,UPCOM,vietcap_iq:exchange_listings.csv:20260604T101513Z|vietcap_iq:symbol_universe.csv:20260604T101513Z,high,source-backed exchange metadata from captured Vietcap IQ and/or HOSE universe dry-run files
BNA,HNX,vietcap_iq:exchange_listings.csv:20260604T101513Z|vietcap_iq:symbol_universe.csv:20260604T101513Z,high,source-backed exchange metadata from captured Vietcap IQ and/or HOSE universe dry-run files
BNW,UPCOM,vietcap_iq:exchange_listings.csv:20260604T101513Z|vietcap_iq:symbol_universe.csv:20260604T101513Z,high,source-backed exchange metadata from captured Vietcap IQ and/or HOSE universe dry-run files
BOT,UPCOM,vietcap_iq:exchange_listings.csv:20260604T101513Z|vietcap_iq:symbol_universe.csv:20260604T101513Z,high,source-backed exchange metadata from captured Vietcap IQ and/or HOSE universe dry-run files
BPC,HNX,vietcap_iq:exchange_listings.csv:20260604T101513Z|vietcap_iq:symbol_universe.csv:20260604T101513Z,high,source-backed exchange metadata from captured Vietcap IQ and/or HOSE universe dry-run files
BQB,UPCOM,vietcap_iq:exchange_listings.csv:20260604T101513Z|vietcap_iq:symbol_universe.csv:20260604T101513Z,high,source-backed exchange metadata from captured Vietcap IQ and/or HOSE universe dry-run files
BQP,UPCOM,vietcap_iq:exchange_listings.csv:20260604T101513Z|vietcap_iq:symbol_universe.csv:20260604T101513Z,high,source-backed exchange metadata from captured Vietcap IQ and/or HOSE universe dry-run files
BRC,HOSE,hose:exchange_listings.csv:20260603T080254Z|hose:symbol_universe.csv:20260603T080254Z|vietcap_iq:exchange_listings.csv:20260604T101513Z|vietcap_iq:symbol_universe.csv:20260604T101513Z,high,source-backed exchange metadata from captured Vietcap IQ and/or HOSE universe dry-run files
BRR,UPCOM,vietcap_iq:exchange_listings.csv:20260604T101513Z|vietcap_iq:symbol_universe.csv:20260604T101513Z,high,source-backed exchange metadata from captured Vietcap IQ and/or HOSE universe dry-run files
BRS,UPCOM,vietcap_iq:exchange_listings.csv:20260604T101513Z|vietcap_iq:symbol_universe.csv:20260604T101513Z,high,source-backed exchange metadata from captured Vietcap IQ and/or HOSE universe dry-run files
BSA,UPCOM,vietcap_iq:exchange_listings.csv:20260604T101513Z|vietcap_iq:symbol_universe.csv:20260604T101513Z,high,source-backed exchange metadata from captured Vietcap IQ and/or HOSE universe dry-run files
BSD,UPCOM,vietcap_iq:exchange_listings.csv:20260604T101513Z|vietcap_iq:symbol_universe.csv:20260604T101513Z,high,source-backed exchange metadata from captured Vietcap IQ and/or HOSE universe dry-run files
BSG,UPCOM,vietcap_iq:exchange_listings.csv:20260604T101513Z|vietcap_iq:symbol_universe.csv:20260604T101513Z,high,source-backed exchange metadata from captured Vietcap IQ and/or HOSE universe dry-run files
BSH,UPCOM,vietcap_iq:exchange_listings.csv:20260604T101513Z|vietcap_iq:symbol_universe.csv:20260604T101513Z,high,source-backed exchange metadata from captured Vietcap IQ and/or HOSE universe dry-run files
BSI,HOSE,hose:exchange_listings.csv:20260603T080254Z|hose:symbol_universe.csv:20260603T080254Z|vietcap_iq:exchange_listings.csv:20260604T101513Z|vietcap_iq:symbol_universe.csv:20260604T101513Z,high,source-backed exchange metadata from captured Vietcap IQ and/or HOSE universe dry-run files
BSL,UPCOM,vietcap_iq:exchange_listings.csv:20260604T101513Z|vietcap_iq:symbol_universe.csv:20260604T101513Z,high,source-backed exchange metadata from captured Vietcap IQ and/or HOSE universe dry-run files
BSP,UPCOM,vietcap_iq:exchange_listings.csv:20260604T101513Z|vietcap_iq:symbol_universe.csv:20260604T101513Z,high,source-backed exchange metadata from captured Vietcap IQ and/or HOSE universe dry-run files
BSQ,UPCOM,vietcap_iq:exchange_listings.csv:20260604T101513Z|vietcap_iq:symbol_universe.csv:20260604T101513Z,high,source-backed exchange metadata from captured Vietcap IQ and/or HOSE universe dry-run files
BSR,HOSE,hose:exchange_listings.csv:20260603T080254Z|hose:symbol_universe.csv:20260603T080254Z|vietcap_iq:exchange_listings.csv:20260604T101513Z|vietcap_iq:symbol_universe.csv:20260604T101513Z,high,source-backed exchange metadata from captured Vietcap IQ and/or HOSE universe dry-run files
BT1,UPCOM,vietcap_iq:exchange_listings.csv:20260604T101513Z|vietcap_iq:symbol_universe.csv:20260604T101513Z,high,source-backed exchange metadata from captured Vietcap IQ and/or HOSE universe dry-run files
BT6,UPCOM,vietcap_iq:exchange_listings.csv:20260604T101513Z|vietcap_iq:symbol_universe.csv:20260604T101513Z,high,source-backed exchange metadata from captured Vietcap IQ and/or HOSE universe dry-run files
BTB,UPCOM,vietcap_iq:exchange_listings.csv:20260604T101513Z|vietcap_iq:symbol_universe.csv:20260604T101513Z,high,source-backed exchange metadata from captured Vietcap IQ and/or HOSE universe dry-run files
BTD,UPCOM,vietcap_iq:exchange_listings.csv:20260604T101513Z|vietcap_iq:symbol_universe.csv:20260604T101513Z,high,source-backed exchange metadata from captured Vietcap IQ and/or HOSE universe dry-run files
BTG,UPCOM,vietcap_iq:exchange_listings.csv:20260604T101513Z|vietcap_iq:symbol_universe.csv:20260604T101513Z,high,source-backed exchange metadata from captured Vietcap IQ and/or HOSE universe dry-run files
BTH,UPCOM,vietcap_iq:exchange_listings.csv:20260604T101513Z|vietcap_iq:symbol_universe.csv:20260604T101513Z,high,source-backed exchange metadata from captured Vietcap IQ and/or HOSE universe dry-run files
BTN,UPCOM,vietcap_iq:exchange_listings.csv:20260604T101513Z|vietcap_iq:symbol_universe.csv:20260604T101513Z,high,source-backed exchange metadata from captured Vietcap IQ and/or HOSE universe dry-run files
BTP,HOSE,hose:exchange_listings.csv:20260603T080254Z|hose:symbol_universe.csv:20260603T080254Z|vietcap_iq:exchange_listings.csv:20260604T101513Z|vietcap_iq:symbol_universe.csv:20260604T101513Z,high,source-backed exchange metadata from captured Vietcap IQ and/or HOSE universe dry-run files
BTS,HNX,vietcap_iq:exchange_listings.csv:20260604T101513Z|vietcap_iq:symbol_universe.csv:20260604T101513Z,high,source-backed exchange metadata from captured Vietcap IQ and/or HOSE universe dry-run files
BTT,HOSE,hose:exchange_listings.csv:20260603T080254Z|hose:symbol_universe.csv:20260603T080254Z|vietcap_iq:exchange_listings.csv:20260604T101513Z|vietcap_iq:symbol_universe.csv:20260604T101513Z,high,source-backed exchange metadata from captured Vietcap IQ and/or HOSE universe dry-run files
BTU,UPCOM,vietcap_iq:exchange_listings.csv:20260604T101513Z|vietcap_iq:symbol_universe.csv:20260604T101513Z,high,source-backed exchange metadata from captured Vietcap IQ and/or HOSE universe dry-run files
BTV,UPCOM,vietcap_iq:exchange_listings.csv:20260604T101513Z|vietcap_iq:symbol_universe.csv:20260604T101513Z,high,source-backed exchange metadata from captured Vietcap IQ and/or HOSE universe dry-run files
BTW,HNX,vietcap_iq:exchange_listings.csv:20260604T101513Z|vietcap_iq:symbol_universe.csv:20260604T101513Z,high,source-backed exchange metadata from captured Vietcap IQ and/or HOSE universe dry-run files
BVB,UPCOM,vietcap_iq:exchange_listings.csv:20260604T101513Z|vietcap_iq:symbol_universe.csv:20260604T101513Z,high,source-backed exchange metadata from captured Vietcap IQ and/or HOSE universe dry-run files
BVG,UPCOM,vietcap_iq:exchange_listings.csv:20260604T101513Z|vietcap_iq:symbol_universe.csv:20260604T101513Z,high,source-backed exchange metadata from captured Vietcap IQ and/or HOSE universe dry-run files
BVH,HOSE,hose:exchange_listings.csv:20260603T080254Z|hose:symbol_universe.csv:20260603T080254Z|vietcap_iq:exchange_listings.csv:20260604T101513Z|vietcap_iq:symbol_universe.csv:20260604T101513Z,high,source-backed exchange metadata from captured Vietcap IQ and/or HOSE universe dry-run files
BVL,UPCOM,vietcap_iq:exchange_listings.csv:20260604T101513Z|vietcap_iq:symbol_universe.csv:20260604T101513Z,high,source-backed exchange metadata from captured Vietcap IQ and/or HOSE universe dry-run files
BVN,UPCOM,vietcap_iq:exchange_listings.csv:20260604T101513Z|vietcap_iq:symbol_universe.csv:20260604T101513Z,high,source-backed exchange metadata from captured Vietcap IQ and/or HOSE universe dry-run files
BVS,HNX,vietcap_iq:exchange_listings.csv:20260604T101513Z|vietcap_iq:symbol_universe.csv:20260604T101513Z,high,source-backed exchange metadata from captured Vietcap IQ and/or HOSE universe dry-run files
BWA,UPCOM,vietcap_iq:exchange_listings.csv:20260604T101513Z|vietcap_iq:symbol_universe.csv:20260604T101513Z,high,source-backed exchange metadata from captured Vietcap IQ and/or HOSE universe dry-run files
BWE,HOSE,hose:exchange_listings.csv:20260603T080254Z|hose:symbol_universe.csv:20260603T080254Z|vietcap_iq:exchange_listings.csv:20260604T101513Z|vietcap_iq:symbol_universe.csv:20260604T101513Z,high,source-backed exchange metadata from captured Vietcap IQ and/or HOSE universe dry-run files
BWS,UPCOM,vietcap_iq:exchange_listings.csv:20260604T101513Z|vietcap_iq:symbol_universe.csv:20260604T101513Z,high,source-backed exchange metadata from captured Vietcap IQ and/or HOSE universe dry-run files
BXH,HNX,vietcap_iq:exchange_listings.csv:20260604T101513Z|vietcap_iq:symbol_universe.csv:20260604T101513Z,high,source-backed exchange metadata from captured Vietcap IQ and/or HOSE universe dry-run files
C21,UPCOM,vietcap_iq:exchange_listings.csv:20260604T101513Z|vietcap_iq:symbol_universe.csv:20260604T101513Z,high,source-backed exchange metadata from captured Vietcap IQ and/or HOSE universe dry-run files
C22,UPCOM,vietcap_iq:exchange_listings.csv:20260604T101513Z|vietcap_iq:symbol_universe.csv:20260604T101513Z,high,source-backed exchange metadata from captured Vietcap IQ and/or HOSE universe dry-run files
C32,HOSE,hose:exchange_listings.csv:20260603T080254Z|hose:symbol_universe.csv:20260603T080254Z|vietcap_iq:exchange_listings.csv:20260604T101513Z|vietcap_iq:symbol_universe.csv:20260604T101513Z,high,source-backed exchange metadata from captured Vietcap IQ and/or HOSE universe dry-run files
C47,HOSE,hose:exchange_listings.csv:20260603T080254Z|hose:symbol_universe.csv:20260603T080254Z|vietcap_iq:exchange_listings.csv:20260604T101513Z|vietcap_iq:symbol_universe.csv:20260604T101513Z,high,source-backed exchange metadata from captured Vietcap IQ and/or HOSE universe dry-run files
C4G,UPCOM,vietcap_iq:exchange_listings.csv:20260604T101513Z|vietcap_iq:symbol_universe.csv:20260604T101513Z,high,source-backed exchange metadata from captured Vietcap IQ and/or HOSE universe dry-run files
C69,HNX,vietcap_iq:exchange_listings.csv:20260604T101513Z|vietcap_iq:symbol_universe.csv:20260604T101513Z,high,source-backed exchange metadata from captured Vietcap IQ and/or HOSE universe dry-run files
C92,UPCOM,vietcap_iq:exchange_listings.csv:20260604T101513Z|vietcap_iq:symbol_universe.csv:20260604T101513Z,high,source-backed exchange metadata from captured Vietcap IQ and/or HOSE universe dry-run files
CAD,UPCOM,vietcap_iq:exchange_listings.csv:20260604T101513Z|vietcap_iq:symbol_universe.csv:20260604T101513Z,high,source-backed exchange metadata from captured Vietcap IQ and/or HOSE universe dry-run files
CAG,HNX,vietcap_iq:exchange_listings.csv:20260604T101513Z|vietcap_iq:symbol_universe.csv:20260604T101513Z,high,source-backed exchange metadata from captured Vietcap IQ and/or HOSE universe dry-run files
CAN,HNX,vietcap_iq:exchange_listings.csv:20260604T101513Z|vietcap_iq:symbol_universe.csv:20260604T101513Z,high,source-backed exchange metadata from captured Vietcap IQ and/or HOSE universe dry-run files
CAP,HNX,vietcap_iq:exchange_listings.csv:20260604T101513Z|vietcap_iq:symbol_universe.csv:20260604T101513Z,high,source-backed exchange metadata from captured Vietcap IQ and/or HOSE universe dry-run files
CAR,HNX,vietcap_iq:exchange_listings.csv:20260604T101513Z|vietcap_iq:symbol_universe.csv:20260604T101513Z,high,source-backed exchange metadata from captured Vietcap IQ and/or HOSE universe dry-run files
CAT,UPCOM,vietcap_iq:exchange_listings.csv:20260604T101513Z|vietcap_iq:symbol_universe.csv:20260604T101513Z,high,source-backed exchange metadata from captured Vietcap IQ and/or HOSE universe dry-run files
CBI,UPCOM,vietcap_iq:exchange_listings.csv:20260604T101513Z|vietcap_iq:symbol_universe.csv:20260604T101513Z,high,source-backed exchange metadata from captured Vietcap IQ and/or HOSE universe dry-run files
CBS,UPCOM,vietcap_iq:exchange_listings.csv:20260604T101513Z|vietcap_iq:symbol_universe.csv:20260604T101513Z,high,source-backed exchange metadata from captured Vietcap IQ and/or HOSE universe dry-run files
CC1,UPCOM,vietcap_iq:exchange_listings.csv:20260604T101513Z|vietcap_iq:symbol_universe.csv:20260604T101513Z,high,source-backed exchange metadata from captured Vietcap IQ and/or HOSE universe dry-run files
CCA,UPCOM,vietcap_iq:exchange_listings.csv:20260604T101513Z|vietcap_iq:symbol_universe.csv:20260604T101513Z,high,source-backed exchange metadata from captured Vietcap IQ and/or HOSE universe dry-run files
CCC,HOSE,hose:exchange_listings.csv:20260603T080254Z|hose:symbol_universe.csv:20260603T080254Z|vietcap_iq:exchange_listings.csv:20260604T101513Z|vietcap_iq:symbol_universe.csv:20260604T101513Z,high,source-backed exchange metadata from captured Vietcap IQ and/or HOSE universe dry-run files
CCI,HOSE,hose:exchange_listings.csv:20260603T080254Z|hose:symbol_universe.csv:20260603T080254Z|vietcap_iq:exchange_listings.csv:20260604T101513Z|vietcap_iq:symbol_universe.csv:20260604T101513Z,high,source-backed exchange metadata from captured Vietcap IQ and/or HOSE universe dry-run files
CCL,HOSE,hose:exchange_listings.csv:20260603T080254Z|hose:symbol_universe.csv:20260603T080254Z|vietcap_iq:exchange_listings.csv:20260604T101513Z|vietcap_iq:symbol_universe.csv:20260604T101513Z,high,source-backed exchange metadata from captured Vietcap IQ and/or HOSE universe dry-run files
CCM,UPCOM,vietcap_iq:exchange_listings.csv:20260604T101513Z|vietcap_iq:symbol_universe.csv:20260604T101513Z,high,source-backed exchange metadata from captured Vietcap IQ and/or HOSE universe dry-run files
CCP,UPCOM,vietcap_iq:exchange_listings.csv:20260604T101513Z|vietcap_iq:symbol_universe.csv:20260604T101513Z,high,source-backed exchange metadata from captured Vietcap IQ and/or HOSE universe dry-run files
CCR,HNX,vietcap_iq:exchange_listings.csv:20260604T101513Z|vietcap_iq:symbol_universe.csv:20260604T101513Z,high,source-backed exchange metadata from captured Vietcap IQ and/or HOSE universe dry-run files
CCS,UPCOM,vietcap_iq:exchange_listings.csv:20260604T101513Z|vietcap_iq:symbol_universe.csv:20260604T101513Z,high,source-backed exchange metadata from captured Vietcap IQ and/or HOSE universe dry-run files
CCT,UPCOM,vietcap_iq:exchange_listings.csv:20260604T101513Z|vietcap_iq:symbol_universe.csv:20260604T101513Z,high,source-backed exchange metadata from captured Vietcap IQ and/or HOSE universe dry-run files
CCV,UPCOM,vietcap_iq:exchange_listings.csv:20260604T101513Z|vietcap_iq:symbol_universe.csv:20260604T101513Z,high,source-backed exchange metadata from captured Vietcap IQ and/or HOSE universe dry-run files
CDC,HOSE,hose:exchange_listings.csv:20260603T080254Z|hose:symbol_universe.csv:20260603T080254Z|vietcap_iq:exchange_listings.csv:20260604T101513Z|vietcap_iq:symbol_universe.csv:20260604T101513Z,high,source-backed exchange metadata from captured Vietcap IQ and/or HOSE universe dry-run files
CDG,UPCOM,vietcap_iq:exchange_listings.csv:20260604T101513Z|vietcap_iq:symbol_universe.csv:20260604T101513Z,high,source-backed exchange metadata from captured Vietcap IQ and/or HOSE universe dry-run files
CDN,HNX,vietcap_iq:exchange_listings.csv:20260604T101513Z|vietcap_iq:symbol_universe.csv:20260604T101513Z,high,source-backed exchange metadata from captured Vietcap IQ and/or HOSE universe dry-run files
CDO,UPCOM,vietcap_iq:exchange_listings.csv:20260604T101513Z|vietcap_iq:symbol_universe.csv:20260604T101513Z,high,source-backed exchange metadata from captured Vietcap IQ and/or HOSE universe dry-run files
CDP,UPCOM,vietcap_iq:exchange_listings.csv:20260604T101513Z|vietcap_iq:symbol_universe.csv:20260604T101513Z,high,source-backed exchange metadata from captured Vietcap IQ and/or HOSE universe dry-run files
CDR,UPCOM,vietcap_iq:exchange_listings.csv:20260604T101513Z|vietcap_iq:symbol_universe.csv:20260604T101513Z,high,source-backed exchange metadata from captured Vietcap IQ and/or HOSE universe dry-run files
CEN,UPCOM,vietcap_iq:exchange_listings.csv:20260604T101513Z|vietcap_iq:symbol_universe.csv:20260604T101513Z,high,source-backed exchange metadata from captured Vietcap IQ and/or HOSE universe dry-run files
CEO,HNX,vietcap_iq:exchange_listings.csv:20260604T101513Z|vietcap_iq:symbol_universe.csv:20260604T101513Z,high,source-backed exchange metadata from captured Vietcap IQ and/or HOSE universe dry-run files
CET,HNX,vietcap_iq:exchange_listings.csv:20260604T101513Z|vietcap_iq:symbol_universe.csv:20260604T101513Z,high,source-backed exchange metadata from captured Vietcap IQ and/or HOSE universe dry-run files
CFM,UPCOM,vietcap_iq:exchange_listings.csv:20260604T101513Z|vietcap_iq:symbol_universe.csv:20260604T101513Z,high,source-backed exchange metadata from captured Vietcap IQ and/or HOSE universe dry-run files
CFV,UPCOM,vietcap_iq:exchange_listings.csv:20260604T101513Z|vietcap_iq:symbol_universe.csv:20260604T101513Z,high,source-backed exchange metadata from captured Vietcap IQ and/or HOSE universe dry-run files
CGV,UPCOM,vietcap_iq:exchange_listings.csv:20260604T101513Z|vietcap_iq:symbol_universe.csv:20260604T101513Z,high,source-backed exchange metadata from captured Vietcap IQ and/or HOSE universe dry-run files
CH5,UPCOM,vietcap_iq:exchange_listings.csv:20260604T101513Z|vietcap_iq:symbol_universe.csv:20260604T101513Z,high,source-backed exchange metadata from captured Vietcap IQ and/or HOSE universe dry-run files
CHC,UPCOM,vietcap_iq:exchange_listings.csv:20260604T101513Z|vietcap_iq:symbol_universe.csv:20260604T101513Z,high,source-backed exchange metadata from captured Vietcap IQ and/or HOSE universe dry-run files
CHP,HOSE,hose:exchange_listings.csv:20260603T080254Z|hose:symbol_universe.csv:20260603T080254Z|vietcap_iq:exchange_listings.csv:20260604T101513Z|vietcap_iq:symbol_universe.csv:20260604T101513Z,high,source-backed exchange metadata from captured Vietcap IQ and/or HOSE universe dry-run files
CHS,UPCOM,vietcap_iq:exchange_listings.csv:20260604T101513Z|vietcap_iq:symbol_universe.csv:20260604T101513Z,high,source-backed exchange metadata from captured Vietcap IQ and/or HOSE universe dry-run files
CI5,UPCOM,vietcap_iq:exchange_listings.csv:20260604T101513Z|vietcap_iq:symbol_universe.csv:20260604T101513Z,high,source-backed exchange metadata from captured Vietcap IQ and/or HOSE universe dry-run files
CIA,HNX,vietcap_iq:exchange_listings.csv:20260604T101513Z|vietcap_iq:symbol_universe.csv:20260604T101513Z,high,source-backed exchange metadata from captured Vietcap IQ and/or HOSE universe dry-run files
CID,UPCOM,vietcap_iq:exchange_listings.csv:20260604T101513Z|vietcap_iq:symbol_universe.csv:20260604T101513Z,high,source-backed exchange metadata from captured Vietcap IQ and/or HOSE universe dry-run files
CIG,HOSE,hose:exchange_listings.csv:20260603T080254Z|hose:symbol_universe.csv:20260603T080254Z|vietcap_iq:exchange_listings.csv:20260604T101513Z|vietcap_iq:symbol_universe.csv:20260604T101513Z,high,source-backed exchange metadata from captured Vietcap IQ and/or HOSE universe dry-run files
CII,HOSE,hose:exchange_listings.csv:20260603T080254Z|hose:symbol_universe.csv:20260603T080254Z|vietcap_iq:exchange_listings.csv:20260604T101513Z|vietcap_iq:symbol_universe.csv:20260604T101513Z,high,source-backed exchange metadata from captured Vietcap IQ and/or HOSE universe dry-run files
CIP,UPCOM,vietcap_iq:exchange_listings.csv:20260604T101513Z|vietcap_iq:symbol_universe.csv:20260604T101513Z,high,source-backed exchange metadata from captured Vietcap IQ and/or HOSE universe dry-run files
CJC,HNX,vietcap_iq:exchange_listings.csv:20260604T101513Z|vietcap_iq:symbol_universe.csv:20260604T101513Z,high,source-backed exchange metadata from captured Vietcap IQ and/or HOSE universe dry-run files
CK8,UPCOM,vietcap_iq:exchange_listings.csv:20260604T101513Z|vietcap_iq:symbol_universe.csv:20260604T101513Z,high,source-backed exchange metadata from captured Vietcap IQ and/or HOSE universe dry-run files
CKA,UPCOM,vietcap_iq:exchange_listings.csv:20260604T101513Z|vietcap_iq:symbol_universe.csv:20260604T101513Z,high,source-backed exchange metadata from captured Vietcap IQ and/or HOSE universe dry-run files
CKD,UPCOM,vietcap_iq:exchange_listings.csv:20260604T101513Z|vietcap_iq:symbol_universe.csv:20260604T101513Z,high,source-backed exchange metadata from captured Vietcap IQ and/or HOSE universe dry-run files
CKG,HOSE,hose:exchange_listings.csv:20260603T080254Z|hose:symbol_universe.csv:20260603T080254Z|vietcap_iq:exchange_listings.csv:20260604T101513Z|vietcap_iq:symbol_universe.csv:20260604T101513Z,high,source-backed exchange metadata from captured Vietcap IQ and/or HOSE universe dry-run files
CKV,HNX,vietcap_iq:exchange_listings.csv:20260604T101513Z|vietcap_iq:symbol_universe.csv:20260604T101513Z,high,source-backed exchange metadata from captured Vietcap IQ and/or HOSE universe dry-run files
CLC,HOSE,hose:exchange_listings.csv:20260603T080254Z|hose:symbol_universe.csv:20260603T080254Z|vietcap_iq:exchange_listings.csv:20260604T101513Z|vietcap_iq:symbol_universe.csv:20260604T101513Z,high,source-backed exchange metadata from captured Vietcap IQ and/or HOSE universe dry-run files
CLH,HNX,vietcap_iq:exchange_listings.csv:20260604T101513Z|vietcap_iq:symbol_universe.csv:20260604T101513Z,high,source-backed exchange metadata from captured Vietcap IQ and/or HOSE universe dry-run files
CLI,UPCOM,vietcap_iq:exchange_listings.csv:20260604T101513Z|vietcap_iq:symbol_universe.csv:20260604T101513Z,high,source-backed exchange metadata from captured Vietcap IQ and/or HOSE universe dry-run files
CLL,HOSE,hose:exchange_listings.csv:20260603T080254Z|hose:symbol_universe.csv:20260603T080254Z|vietcap_iq:exchange_listings.csv:20260604T101513Z|vietcap_iq:symbol_universe.csv:20260604T101513Z,high,source-backed exchange metadata from captured Vietcap IQ and/or HOSE universe dry-run files
CLM,HNX,vietcap_iq:exchange_listings.csv:20260604T101513Z|vietcap_iq:symbol_universe.csv:20260604T101513Z,high,source-backed exchange metadata from captured Vietcap IQ and/or HOSE universe dry-run files
CLW,HOSE,hose:exchange_listings.csv:20260603T080254Z|hose:symbol_universe.csv:20260603T080254Z|vietcap_iq:exchange_listings.csv:20260604T101513Z|vietcap_iq:symbol_universe.csv:20260604T101513Z,high,source-backed exchange metadata from captured Vietcap IQ and/or HOSE universe dry-run files
CLX,UPCOM,vietcap_iq:exchange_listings.csv:20260604T101513Z|vietcap_iq:symbol_universe.csv:20260604T101513Z,high,source-backed exchange metadata from captured Vietcap IQ and/or HOSE universe dry-run files
CMC,HNX,vietcap_iq:exchange_listings.csv:20260604T101513Z|vietcap_iq:symbol_universe.csv:20260604T101513Z,high,source-backed exchange metadata from captured Vietcap IQ and/or HOSE universe dry-run files
CMD,UPCOM,vietcap_iq:exchange_listings.csv:20260604T101513Z|vietcap_iq:symbol_universe.csv:20260604T101513Z,high,source-backed exchange metadata from captured Vietcap IQ and/or HOSE universe dry-run files
CMF,UPCOM,vietcap_iq:exchange_listings.csv:20260604T101513Z|vietcap_iq:symbol_universe.csv:20260604T101513Z,high,source-backed exchange metadata from captured Vietcap IQ and/or HOSE universe dry-run files
CMG,HOSE,hose:exchange_listings.csv:20260603T080254Z|hose:symbol_universe.csv:20260603T080254Z|vietcap_iq:exchange_listings.csv:20260604T101513Z|vietcap_iq:symbol_universe.csv:20260604T101513Z,high,source-backed exchange metadata from captured Vietcap IQ and/or HOSE universe dry-run files
CMI,UPCOM,vietcap_iq:exchange_listings.csv:20260604T101513Z|vietcap_iq:symbol_universe.csv:20260604T101513Z,high,source-backed exchange metadata from captured Vietcap IQ and/or HOSE universe dry-run files
CMK,UPCOM,vietcap_iq:exchange_listings.csv:20260604T101513Z|vietcap_iq:symbol_universe.csv:20260604T101513Z,high,source-backed exchange metadata from captured Vietcap IQ and/or HOSE universe dry-run files
CMM,UPCOM,vietcap_iq:exchange_listings.csv:20260604T101513Z|vietcap_iq:symbol_universe.csv:20260604T101513Z,high,source-backed exchange metadata from captured Vietcap IQ and/or HOSE universe dry-run files
CMN,UPCOM,vietcap_iq:exchange_listings.csv:20260604T101513Z|vietcap_iq:symbol_universe.csv:20260604T101513Z,high,source-backed exchange metadata from captured Vietcap IQ and/or HOSE universe dry-run files
CMP,UPCOM,vietcap_iq:exchange_listings.csv:20260604T101513Z|vietcap_iq:symbol_universe.csv:20260604T101513Z,high,source-backed exchange metadata from captured Vietcap IQ and/or HOSE universe dry-run files
CMS,HNX,vietcap_iq:exchange_listings.csv:20260604T101513Z|vietcap_iq:symbol_universe.csv:20260604T101513Z,high,source-backed exchange metadata from captured Vietcap IQ and/or HOSE universe dry-run files
CMT,UPCOM,vietcap_iq:exchange_listings.csv:20260604T101513Z|vietcap_iq:symbol_universe.csv:20260604T101513Z,high,source-backed exchange metadata from captured Vietcap IQ and/or HOSE universe dry-run files
CMV,HOSE,hose:exchange_listings.csv:20260603T080254Z|hose:symbol_universe.csv:20260603T080254Z|vietcap_iq:exchange_listings.csv:20260604T101513Z|vietcap_iq:symbol_universe.csv:20260604T101513Z,high,source-backed exchange metadata from captured Vietcap IQ and/or HOSE universe dry-run files
CMW,UPCOM,vietcap_iq:exchange_listings.csv:20260604T101513Z|vietcap_iq:symbol_universe.csv:20260604T101513Z,high,source-backed exchange metadata from captured Vietcap IQ and/or HOSE universe dry-run files
CMX,HOSE,hose:exchange_listings.csv:20260603T080254Z|hose:symbol_universe.csv:20260603T080254Z|vietcap_iq:exchange_listings.csv:20260604T101513Z|vietcap_iq:symbol_universe.csv:20260604T101513Z,high,source-backed exchange metadata from captured Vietcap IQ and/or HOSE universe dry-run files
CNA,UPCOM,vietcap_iq:exchange_listings.csv:20260604T101513Z|vietcap_iq:symbol_universe.csv:20260604T101513Z,high,source-backed exchange metadata from captured Vietcap IQ and/or HOSE universe dry-run files
CNC,UPCOM,vietcap_iq:exchange_listings.csv:20260604T101513Z|vietcap_iq:symbol_universe.csv:20260604T101513Z,high,source-backed exchange metadata from captured Vietcap IQ and/or HOSE universe dry-run files
CNG,HOSE,hose:exchange_listings.csv:20260603T080254Z|hose:symbol_universe.csv:20260603T080254Z|vietcap_iq:exchange_listings.csv:20260604T101513Z|vietcap_iq:symbol_universe.csv:20260604T101513Z,high,source-backed exchange metadata from captured Vietcap IQ and/or HOSE universe dry-run files
CNN,UPCOM,vietcap_iq:exchange_listings.csv:20260604T101513Z|vietcap_iq:symbol_universe.csv:20260604T101513Z,high,source-backed exchange metadata from captured Vietcap IQ and/or HOSE universe dry-run files
CNT,UPCOM,vietcap_iq:exchange_listings.csv:20260604T101513Z|vietcap_iq:symbol_universe.csv:20260604T101513Z,high,source-backed exchange metadata from captured Vietcap IQ and/or HOSE universe dry-run files
COM,HOSE,hose:exchange_listings.csv:20260603T080254Z|hose:symbol_universe.csv:20260603T080254Z|vietcap_iq:exchange_listings.csv:20260604T101513Z|vietcap_iq:symbol_universe.csv:20260604T101513Z,high,source-backed exchange metadata from captured Vietcap IQ and/or HOSE universe dry-run files
CPA,UPCOM,vietcap_iq:exchange_listings.csv:20260604T101513Z|vietcap_iq:symbol_universe.csv:20260604T101513Z,high,source-backed exchange metadata from captured Vietcap IQ and/or HOSE universe dry-run files
CPC,HNX,vietcap_iq:exchange_listings.csv:20260604T101513Z|vietcap_iq:symbol_universe.csv:20260604T101513Z,high,source-backed exchange metadata from captured Vietcap IQ and/or HOSE universe dry-run files
CPH,UPCOM,vietcap_iq:exchange_listings.csv:20260604T101513Z|vietcap_iq:symbol_universe.csv:20260604T101513Z,high,source-backed exchange metadata from captured Vietcap IQ and/or HOSE universe dry-run files
CPI,UPCOM,vietcap_iq:exchange_listings.csv:20260604T101513Z|vietcap_iq:symbol_universe.csv:20260604T101513Z,high,source-backed exchange metadata from captured Vietcap IQ and/or HOSE universe dry-run files
CQN,UPCOM,vietcap_iq:exchange_listings.csv:20260604T101513Z|vietcap_iq:symbol_universe.csv:20260604T101513Z,high,source-backed exchange metadata from captured Vietcap IQ and/or HOSE universe dry-run files
CQT,UPCOM,vietcap_iq:exchange_listings.csv:20260604T101513Z|vietcap_iq:symbol_universe.csv:20260604T101513Z,high,source-backed exchange metadata from captured Vietcap IQ and/or HOSE universe dry-run files
CRC,HOSE,hose:exchange_listings.csv:20260603T080254Z|hose:symbol_universe.csv:20260603T080254Z|vietcap_iq:exchange_listings.csv:20260604T101513Z|vietcap_iq:symbol_universe.csv:20260604T101513Z,high,source-backed exchange metadata from captured Vietcap IQ and/or HOSE universe dry-run files
CRE,HOSE,hose:exchange_listings.csv:20260603T080254Z|hose:symbol_universe.csv:20260603T080254Z|vietcap_iq:exchange_listings.csv:20260604T101513Z|vietcap_iq:symbol_universe.csv:20260604T101513Z,high,source-backed exchange metadata from captured Vietcap IQ and/or HOSE universe dry-run files
CRV,HOSE,hose:exchange_listings.csv:20260603T080254Z|hose:symbol_universe.csv:20260603T080254Z|vietcap_iq:exchange_listings.csv:20260604T101513Z|vietcap_iq:symbol_universe.csv:20260604T101513Z,high,source-backed exchange metadata from captured Vietcap IQ and/or HOSE universe dry-run files
CSC,HNX,vietcap_iq:exchange_listings.csv:20260604T101513Z|vietcap_iq:symbol_universe.csv:20260604T101513Z,high,source-backed exchange metadata from captured Vietcap IQ and/or HOSE universe dry-run files
CSI,UPCOM,vietcap_iq:exchange_listings.csv:20260604T101513Z|vietcap_iq:symbol_universe.csv:20260604T101513Z,high,source-backed exchange metadata from captured Vietcap IQ and/or HOSE universe dry-run files
CSM,HOSE,hose:exchange_listings.csv:20260603T080254Z|hose:symbol_universe.csv:20260603T080254Z|vietcap_iq:exchange_listings.csv:20260604T101513Z|vietcap_iq:symbol_universe.csv:20260604T101513Z,high,source-backed exchange metadata from captured Vietcap IQ and/or HOSE universe dry-run files
CST,HNX,vietcap_iq:exchange_listings.csv:20260604T101513Z|vietcap_iq:symbol_universe.csv:20260604T101513Z,high,source-backed exchange metadata from captured Vietcap IQ and/or HOSE universe dry-run files
CSV,HOSE,hose:exchange_listings.csv:20260603T080254Z|hose:symbol_universe.csv:20260603T080254Z|vietcap_iq:exchange_listings.csv:20260604T101513Z|vietcap_iq:symbol_universe.csv:20260604T101513Z,high,source-backed exchange metadata from captured Vietcap IQ and/or HOSE universe dry-run files
CT3,UPCOM,vietcap_iq:exchange_listings.csv:20260604T101513Z|vietcap_iq:symbol_universe.csv:20260604T101513Z,high,source-backed exchange metadata from captured Vietcap IQ and/or HOSE universe dry-run files
CT6,UPCOM,vietcap_iq:exchange_listings.csv:20260604T101513Z|vietcap_iq:symbol_universe.csv:20260604T101513Z,high,source-backed exchange metadata from captured Vietcap IQ and/or HOSE universe dry-run files
CTB,HNX,vietcap_iq:exchange_listings.csv:20260604T101513Z|vietcap_iq:symbol_universe.csv:20260604T101513Z,high,source-backed exchange metadata from captured Vietcap IQ and/or HOSE universe dry-run files
CTC,UPCOM,vietcap_iq:exchange_listings.csv:20260604T101513Z|vietcap_iq:symbol_universe.csv:20260604T101513Z,high,source-backed exchange metadata from captured Vietcap IQ and/or HOSE universe dry-run files
CTD,HOSE,hose:exchange_listings.csv:20260603T080254Z|hose:symbol_universe.csv:20260603T080254Z|vietcap_iq:exchange_listings.csv:20260604T101513Z|vietcap_iq:symbol_universe.csv:20260604T101513Z,high,source-backed exchange metadata from captured Vietcap IQ and/or HOSE universe dry-run files
CTF,HOSE,hose:exchange_listings.csv:20260603T080254Z|hose:symbol_universe.csv:20260603T080254Z|vietcap_iq:exchange_listings.csv:20260604T101513Z|vietcap_iq:symbol_universe.csv:20260604T101513Z,high,source-backed exchange metadata from captured Vietcap IQ and/or HOSE universe dry-run files
CTG,HOSE,hose:exchange_listings.csv:20260603T080254Z|hose:symbol_universe.csv:20260603T080254Z|vietcap_iq:exchange_listings.csv:20260604T101513Z|vietcap_iq:symbol_universe.csv:20260604T101513Z,high,source-backed exchange metadata from captured Vietcap IQ and/or HOSE universe dry-run files
CTI,HOSE,hose:exchange_listings.csv:20260603T080254Z|hose:symbol_universe.csv:20260603T080254Z|vietcap_iq:exchange_listings.csv:20260604T101513Z|vietcap_iq:symbol_universe.csv:20260604T101513Z,high,source-backed exchange metadata from captured Vietcap IQ and/or HOSE universe dry-run files
CTP,HNX,vietcap_iq:exchange_listings.csv:20260604T101513Z|vietcap_iq:symbol_universe.csv:20260604T101513Z,high,source-backed exchange metadata from captured Vietcap IQ and/or HOSE universe dry-run files
CTR,HOSE,hose:exchange_listings.csv:20260603T080254Z|hose:symbol_universe.csv:20260603T080254Z|vietcap_iq:exchange_listings.csv:20260604T101513Z|vietcap_iq:symbol_universe.csv:20260604T101513Z,high,source-backed exchange metadata from captured Vietcap IQ and/or HOSE universe dry-run files
CTS,HOSE,hose:exchange_listings.csv:20260603T080254Z|hose:symbol_universe.csv:20260603T080254Z|vietcap_iq:exchange_listings.csv:20260604T101513Z|vietcap_iq:symbol_universe.csv:20260604T101513Z,high,source-backed exchange metadata from captured Vietcap IQ and/or HOSE universe dry-run files
CTT,HNX,vietcap_iq:exchange_listings.csv:20260604T101513Z|vietcap_iq:symbol_universe.csv:20260604T101513Z,high,source-backed exchange metadata from captured Vietcap IQ and/or HOSE universe dry-run files
CTW,UPCOM,vietcap_iq:exchange_listings.csv:20260604T101513Z|vietcap_iq:symbol_universe.csv:20260604T101513Z,high,source-backed exchange metadata from captured Vietcap IQ and/or HOSE universe dry-run files
CTX,UPCOM,vietcap_iq:exchange_listings.csv:20260604T101513Z|vietcap_iq:symbol_universe.csv:20260604T101513Z,high,source-backed exchange metadata from captured Vietcap IQ and/or HOSE universe dry-run files
CVN,UPCOM,vietcap_iq:exchange_listings.csv:20260604T101513Z|vietcap_iq:symbol_universe.csv:20260604T101513Z,high,source-backed exchange metadata from captured Vietcap IQ and/or HOSE universe dry-run files
CVT,HOSE,hose:exchange_listings.csv:20260603T080254Z|hose:symbol_universe.csv:20260603T080254Z|vietcap_iq:exchange_listings.csv:20260604T101513Z|vietcap_iq:symbol_universe.csv:20260604T101513Z,high,source-backed exchange metadata from captured Vietcap IQ and/or HOSE universe dry-run files
CX8,HNX,vietcap_iq:exchange_listings.csv:20260604T101513Z|vietcap_iq:symbol_universe.csv:20260604T101513Z,high,source-backed exchange metadata from captured Vietcap IQ and/or HOSE universe dry-run files
CYC,UPCOM,vietcap_iq:exchange_listings.csv:20260604T101513Z|vietcap_iq:symbol_universe.csv:20260604T101513Z,high,source-backed exchange metadata from captured Vietcap IQ and/or HOSE universe dry-run files
D11,HNX,vietcap_iq:exchange_listings.csv:20260604T101513Z|vietcap_iq:symbol_universe.csv:20260604T101513Z,high,source-backed exchange metadata from captured Vietcap IQ and/or HOSE universe dry-run files
D2D,HOSE,hose:exchange_listings.csv:20260603T080254Z|hose:symbol_universe.csv:20260603T080254Z|vietcap_iq:exchange_listings.csv:20260604T101513Z|vietcap_iq:symbol_universe.csv:20260604T101513Z,high,source-backed exchange metadata from captured Vietcap IQ and/or HOSE universe dry-run files
DAC,UPCOM,vietcap_iq:exchange_listings.csv:20260604T101513Z|vietcap_iq:symbol_universe.csv:20260604T101513Z,high,source-backed exchange metadata from captured Vietcap IQ and/or HOSE universe dry-run files
DAD,HNX,vietcap_iq:exchange_listings.csv:20260604T101513Z|vietcap_iq:symbol_universe.csv:20260604T101513Z,high,source-backed exchange metadata from captured Vietcap IQ and/or HOSE universe dry-run files
DAE,HNX,vietcap_iq:exchange_listings.csv:20260604T101513Z|vietcap_iq:symbol_universe.csv:20260604T101513Z,high,source-backed exchange metadata from captured Vietcap IQ and/or HOSE universe dry-run files
DAG,UPCOM,vietcap_iq:exchange_listings.csv:20260604T101513Z|vietcap_iq:symbol_universe.csv:20260604T101513Z,high,source-backed exchange metadata from captured Vietcap IQ and/or HOSE universe dry-run files
DAH,HOSE,hose:exchange_listings.csv:20260603T080254Z|hose:symbol_universe.csv:20260603T080254Z|vietcap_iq:exchange_listings.csv:20260604T101513Z|vietcap_iq:symbol_universe.csv:20260604T101513Z,high,source-backed exchange metadata from captured Vietcap IQ and/or HOSE universe dry-run files
DAN,UPCOM,vietcap_iq:exchange_listings.csv:20260604T101513Z|vietcap_iq:symbol_universe.csv:20260604T101513Z,high,source-backed exchange metadata from captured Vietcap IQ and/or HOSE universe dry-run files
DAS,UPCOM,vietcap_iq:exchange_listings.csv:20260604T101513Z|vietcap_iq:symbol_universe.csv:20260604T101513Z,high,source-backed exchange metadata from captured Vietcap IQ and/or HOSE universe dry-run files
DAT,HOSE,hose:exchange_listings.csv:20260603T080254Z|hose:symbol_universe.csv:20260603T080254Z|vietcap_iq:exchange_listings.csv:20260604T101513Z|vietcap_iq:symbol_universe.csv:20260604T101513Z,high,source-backed exchange metadata from captured Vietcap IQ and/or HOSE universe dry-run files
DBC,HOSE,hose:exchange_listings.csv:20260603T080254Z|hose:symbol_universe.csv:20260603T080254Z|vietcap_iq:exchange_listings.csv:20260604T101513Z|vietcap_iq:symbol_universe.csv:20260604T101513Z,high,source-backed exchange metadata from captured Vietcap IQ and/or HOSE universe dry-run files
DBD,HOSE,hose:exchange_listings.csv:20260603T080254Z|hose:symbol_universe.csv:20260603T080254Z|vietcap_iq:exchange_listings.csv:20260604T101513Z|vietcap_iq:symbol_universe.csv:20260604T101513Z,high,source-backed exchange metadata from captured Vietcap IQ and/or HOSE universe dry-run files
DBM,UPCOM,vietcap_iq:exchange_listings.csv:20260604T101513Z|vietcap_iq:symbol_universe.csv:20260604T101513Z,high,source-backed exchange metadata from captured Vietcap IQ and/or HOSE universe dry-run files
DBT,HOSE,hose:exchange_listings.csv:20260603T080254Z|hose:symbol_universe.csv:20260603T080254Z|vietcap_iq:exchange_listings.csv:20260604T101513Z|vietcap_iq:symbol_universe.csv:20260604T101513Z,high,source-backed exchange metadata from captured Vietcap IQ and/or HOSE universe dry-run files
DC1,UPCOM,vietcap_iq:exchange_listings.csv:20260604T101513Z|vietcap_iq:symbol_universe.csv:20260604T101513Z,high,source-backed exchange metadata from captured Vietcap IQ and/or HOSE universe dry-run files
DC2,HNX,vietcap_iq:exchange_listings.csv:20260604T101513Z|vietcap_iq:symbol_universe.csv:20260604T101513Z,high,source-backed exchange metadata from captured Vietcap IQ and/or HOSE universe dry-run files
DC4,HOSE,hose:exchange_listings.csv:20260603T080254Z|hose:symbol_universe.csv:20260603T080254Z|vietcap_iq:exchange_listings.csv:20260604T101513Z|vietcap_iq:symbol_universe.csv:20260604T101513Z,high,source-backed exchange metadata from captured Vietcap IQ and/or HOSE universe dry-run files
DCF,UPCOM,vietcap_iq:exchange_listings.csv:20260604T101513Z|vietcap_iq:symbol_universe.csv:20260604T101513Z,high,source-backed exchange metadata from captured Vietcap IQ and/or HOSE universe dry-run files
DCG,UPCOM,vietcap_iq:exchange_listings.csv:20260604T101513Z|vietcap_iq:symbol_universe.csv:20260604T101513Z,high,source-backed exchange metadata from captured Vietcap IQ and/or HOSE universe dry-run files
DCH,UPCOM,vietcap_iq:exchange_listings.csv:20260604T101513Z|vietcap_iq:symbol_universe.csv:20260604T101513Z,high,source-backed exchange metadata from captured Vietcap IQ and/or HOSE universe dry-run files
DCL,HOSE,hose:exchange_listings.csv:20260603T080254Z|hose:symbol_universe.csv:20260603T080254Z|vietcap_iq:exchange_listings.csv:20260604T101513Z|vietcap_iq:symbol_universe.csv:20260604T101513Z,high,source-backed exchange metadata from captured Vietcap IQ and/or HOSE universe dry-run files
DCM,HOSE,hose:exchange_listings.csv:20260603T080254Z|hose:symbol_universe.csv:20260603T080254Z|vietcap_iq:exchange_listings.csv:20260604T101513Z|vietcap_iq:symbol_universe.csv:20260604T101513Z,high,source-backed exchange metadata from captured Vietcap IQ and/or HOSE universe dry-run files
DCR,UPCOM,vietcap_iq:exchange_listings.csv:20260604T101513Z|vietcap_iq:symbol_universe.csv:20260604T101513Z,high,source-backed exchange metadata from captured Vietcap IQ and/or HOSE universe dry-run files
DCS,UPCOM,vietcap_iq:exchange_listings.csv:20260604T101513Z|vietcap_iq:symbol_universe.csv:20260604T101513Z,high,source-backed exchange metadata from captured Vietcap IQ and/or HOSE universe dry-run files
DCT,UPCOM,vietcap_iq:exchange_listings.csv:20260604T101513Z|vietcap_iq:symbol_universe.csv:20260604T101513Z,high,source-backed exchange metadata from captured Vietcap IQ and/or HOSE universe dry-run files
DCV,UPCOM,vietcap_iq:exchange_listings.csv:20260604T101513Z|vietcap_iq:symbol_universe.csv:20260604T101513Z,high,source-backed exchange metadata from captured Vietcap IQ and/or HOSE universe dry-run files
DDB,UPCOM,vietcap_iq:exchange_listings.csv:20260604T101513Z|vietcap_iq:symbol_universe.csv:20260604T101513Z,high,source-backed exchange metadata from captured Vietcap IQ and/or HOSE universe dry-run files
DDG,HNX,vietcap_iq:exchange_listings.csv:20260604T101513Z|vietcap_iq:symbol_universe.csv:20260604T101513Z,high,source-backed exchange metadata from captured Vietcap IQ and/or HOSE universe dry-run files
DDH,UPCOM,vietcap_iq:exchange_listings.csv:20260604T101513Z|vietcap_iq:symbol_universe.csv:20260604T101513Z,high,source-backed exchange metadata from captured Vietcap IQ and/or HOSE universe dry-run files
DDM,UPCOM,vietcap_iq:exchange_listings.csv:20260604T101513Z|vietcap_iq:symbol_universe.csv:20260604T101513Z,high,source-backed exchange metadata from captured Vietcap IQ and/or HOSE universe dry-run files
DDN,UPCOM,vietcap_iq:exchange_listings.csv:20260604T101513Z|vietcap_iq:symbol_universe.csv:20260604T101513Z,high,source-backed exchange metadata from captured Vietcap IQ and/or HOSE universe dry-run files
DDV,UPCOM,vietcap_iq:exchange_listings.csv:20260604T101513Z|vietcap_iq:symbol_universe.csv:20260604T101513Z,high,source-backed exchange metadata from captured Vietcap IQ and/or HOSE universe dry-run files
DFC,UPCOM,vietcap_iq:exchange_listings.csv:20260604T101513Z|vietcap_iq:symbol_universe.csv:20260604T101513Z,high,source-backed exchange metadata from captured Vietcap IQ and/or HOSE universe dry-run files
DFF,UPCOM,vietcap_iq:exchange_listings.csv:20260604T101513Z|vietcap_iq:symbol_universe.csv:20260604T101513Z,high,source-backed exchange metadata from captured Vietcap IQ and/or HOSE universe dry-run files
DGC,HOSE,hose:exchange_listings.csv:20260603T080254Z|hose:symbol_universe.csv:20260603T080254Z|vietcap_iq:exchange_listings.csv:20260604T101513Z|vietcap_iq:symbol_universe.csv:20260604T101513Z,high,source-backed exchange metadata from captured Vietcap IQ and/or HOSE universe dry-run files
DGT,UPCOM,vietcap_iq:exchange_listings.csv:20260604T101513Z|vietcap_iq:symbol_universe.csv:20260604T101513Z,high,source-backed exchange metadata from captured Vietcap IQ and/or HOSE universe dry-run files
DGW,HOSE,hose:exchange_listings.csv:20260603T080254Z|hose:symbol_universe.csv:20260603T080254Z|vietcap_iq:exchange_listings.csv:20260604T101513Z|vietcap_iq:symbol_universe.csv:20260604T101513Z,high,source-backed exchange metadata from captured Vietcap IQ and/or HOSE universe dry-run files
DHA,HOSE,hose:exchange_listings.csv:20260603T080254Z|hose:symbol_universe.csv:20260603T080254Z|vietcap_iq:exchange_listings.csv:20260604T101513Z|vietcap_iq:symbol_universe.csv:20260604T101513Z,high,source-backed exchange metadata from captured Vietcap IQ and/or HOSE universe dry-run files
DHB,UPCOM,vietcap_iq:exchange_listings.csv:20260604T101513Z|vietcap_iq:symbol_universe.csv:20260604T101513Z,high,source-backed exchange metadata from captured Vietcap IQ and/or HOSE universe dry-run files
DHC,HOSE,hose:exchange_listings.csv:20260603T080254Z|hose:symbol_universe.csv:20260603T080254Z|vietcap_iq:exchange_listings.csv:20260604T101513Z|vietcap_iq:symbol_universe.csv:20260604T101513Z,high,source-backed exchange metadata from captured Vietcap IQ and/or HOSE universe dry-run files
DHD,UPCOM,vietcap_iq:exchange_listings.csv:20260604T101513Z|vietcap_iq:symbol_universe.csv:20260604T101513Z,high,source-backed exchange metadata from captured Vietcap IQ and/or HOSE universe dry-run files
DHG,HOSE,hose:exchange_listings.csv:20260603T080254Z|hose:symbol_universe.csv:20260603T080254Z|vietcap_iq:exchange_listings.csv:20260604T101513Z|vietcap_iq:symbol_universe.csv:20260604T101513Z,high,source-backed exchange metadata from captured Vietcap IQ and/or HOSE universe dry-run files
DHM,HOSE,hose:exchange_listings.csv:20260603T080254Z|hose:symbol_universe.csv:20260603T080254Z|vietcap_iq:exchange_listings.csv:20260604T101513Z|vietcap_iq:symbol_universe.csv:20260604T101513Z,high,source-backed exchange metadata from captured Vietcap IQ and/or HOSE universe dry-run files
DHN,UPCOM,vietcap_iq:exchange_listings.csv:20260604T101513Z|vietcap_iq:symbol_universe.csv:20260604T101513Z,high,source-backed exchange metadata from captured Vietcap IQ and/or HOSE universe dry-run files
DHP,HNX,vietcap_iq:exchange_listings.csv:20260604T101513Z|vietcap_iq:symbol_universe.csv:20260604T101513Z,high,source-backed exchange metadata from captured Vietcap IQ and/or HOSE universe dry-run files
DHT,HNX,vietcap_iq:exchange_listings.csv:20260604T101513Z|vietcap_iq:symbol_universe.csv:20260604T101513Z,high,source-backed exchange metadata from captured Vietcap IQ and/or HOSE universe dry-run files
DIC,UPCOM,vietcap_iq:exchange_listings.csv:20260604T101513Z|vietcap_iq:symbol_universe.csv:20260604T101513Z,high,source-backed exchange metadata from captured Vietcap IQ and/or HOSE universe dry-run files
DID,UPCOM,vietcap_iq:exchange_listings.csv:20260604T101513Z|vietcap_iq:symbol_universe.csv:20260604T101513Z,high,source-backed exchange metadata from captured Vietcap IQ and/or HOSE universe dry-run files
DIG,HOSE,hose:exchange_listings.csv:20260603T080254Z|hose:symbol_universe.csv:20260603T080254Z|vietcap_iq:exchange_listings.csv:20260604T101513Z|vietcap_iq:symbol_universe.csv:20260604T101513Z,high,source-backed exchange metadata from captured Vietcap IQ and/or HOSE universe dry-run files
DIH,HNX,vietcap_iq:exchange_listings.csv:20260604T101513Z|vietcap_iq:symbol_universe.csv:20260604T101513Z,high,source-backed exchange metadata from captured Vietcap IQ and/or HOSE universe dry-run files
DKC,UPCOM,vietcap_iq:exchange_listings.csv:20260604T101513Z|vietcap_iq:symbol_universe.csv:20260604T101513Z,high,source-backed exchange metadata from captured Vietcap IQ and/or HOSE universe dry-run files
DKG,UPCOM,vietcap_iq:exchange_listings.csv:20260604T101513Z|vietcap_iq:symbol_universe.csv:20260604T101513Z,high,source-backed exchange metadata from captured Vietcap IQ and/or HOSE universe dry-run files
DL1,HNX,vietcap_iq:exchange_listings.csv:20260604T101513Z|vietcap_iq:symbol_universe.csv:20260604T101513Z,high,source-backed exchange metadata from captured Vietcap IQ and/or HOSE universe dry-run files
DLD,UPCOM,vietcap_iq:exchange_listings.csv:20260604T101513Z|vietcap_iq:symbol_universe.csv:20260604T101513Z,high,source-backed exchange metadata from captured Vietcap IQ and/or HOSE universe dry-run files
DLG,HOSE,hose:exchange_listings.csv:20260603T080254Z|hose:symbol_universe.csv:20260603T080254Z|vietcap_iq:exchange_listings.csv:20260604T101513Z|vietcap_iq:symbol_universe.csv:20260604T101513Z,high,source-backed exchange metadata from captured Vietcap IQ and/or HOSE universe dry-run files
DLR,UPCOM,vietcap_iq:exchange_listings.csv:20260604T101513Z|vietcap_iq:symbol_universe.csv:20260604T101513Z,high,source-backed exchange metadata from captured Vietcap IQ and/or HOSE universe dry-run files
DLT,UPCOM,vietcap_iq:exchange_listings.csv:20260604T101513Z|vietcap_iq:symbol_universe.csv:20260604T101513Z,high,source-backed exchange metadata from captured Vietcap IQ and/or HOSE universe dry-run files
DM7,UPCOM,vietcap_iq:exchange_listings.csv:20260604T101513Z|vietcap_iq:symbol_universe.csv:20260604T101513Z,high,source-backed exchange metadata from captured Vietcap IQ and/or HOSE universe dry-run files
DMC,HOSE,hose:exchange_listings.csv:20260603T080254Z|hose:symbol_universe.csv:20260603T080254Z|vietcap_iq:exchange_listings.csv:20260604T101513Z|vietcap_iq:symbol_universe.csv:20260604T101513Z,high,source-backed exchange metadata from captured Vietcap IQ and/or HOSE universe dry-run files
DMN,UPCOM,vietcap_iq:exchange_listings.csv:20260604T101513Z|vietcap_iq:symbol_universe.csv:20260604T101513Z,high,source-backed exchange metadata from captured Vietcap IQ and/or HOSE universe dry-run files
DNA,UPCOM,vietcap_iq:exchange_listings.csv:20260604T101513Z|vietcap_iq:symbol_universe.csv:20260604T101513Z,high,source-backed exchange metadata from captured Vietcap IQ and/or HOSE universe dry-run files
DNC,HNX,vietcap_iq:exchange_listings.csv:20260604T101513Z|vietcap_iq:symbol_universe.csv:20260604T101513Z,high,source-backed exchange metadata from captured Vietcap IQ and/or HOSE universe dry-run files
DND,UPCOM,vietcap_iq:exchange_listings.csv:20260604T101513Z|vietcap_iq:symbol_universe.csv:20260604T101513Z,high,source-backed exchange metadata from captured Vietcap IQ and/or HOSE universe dry-run files
DNE,UPCOM,vietcap_iq:exchange_listings.csv:20260604T101513Z|vietcap_iq:symbol_universe.csv:20260604T101513Z,high,source-backed exchange metadata from captured Vietcap IQ and/or HOSE universe dry-run files
DNH,UPCOM,vietcap_iq:exchange_listings.csv:20260604T101513Z|vietcap_iq:symbol_universe.csv:20260604T101513Z,high,source-backed exchange metadata from captured Vietcap IQ and/or HOSE universe dry-run files
DNL,UPCOM,vietcap_iq:exchange_listings.csv:20260604T101513Z|vietcap_iq:symbol_universe.csv:20260604T101513Z,high,source-backed exchange metadata from captured Vietcap IQ and/or HOSE universe dry-run files
DNM,UPCOM,vietcap_iq:exchange_listings.csv:20260604T101513Z|vietcap_iq:symbol_universe.csv:20260604T101513Z,high,source-backed exchange metadata from captured Vietcap IQ and/or HOSE universe dry-run files
DNN,UPCOM,vietcap_iq:exchange_listings.csv:20260604T101513Z|vietcap_iq:symbol_universe.csv:20260604T101513Z,high,source-backed exchange metadata from captured Vietcap IQ and/or HOSE universe dry-run files
DNP,HNX,vietcap_iq:exchange_listings.csv:20260604T101513Z|vietcap_iq:symbol_universe.csv:20260604T101513Z,high,source-backed exchange metadata from captured Vietcap IQ and/or HOSE universe dry-run files
DNT,UPCOM,vietcap_iq:exchange_listings.csv:20260604T101513Z|vietcap_iq:symbol_universe.csv:20260604T101513Z,high,source-backed exchange metadata from captured Vietcap IQ and/or HOSE universe dry-run files
DNW,UPCOM,vietcap_iq:exchange_listings.csv:20260604T101513Z|vietcap_iq:symbol_universe.csv:20260604T101513Z,high,source-backed exchange metadata from captured Vietcap IQ and/or HOSE universe dry-run files
DOC,UPCOM,vietcap_iq:exchange_listings.csv:20260604T101513Z|vietcap_iq:symbol_universe.csv:20260604T101513Z,high,source-backed exchange metadata from captured Vietcap IQ and/or HOSE universe dry-run files
DOP,UPCOM,vietcap_iq:exchange_listings.csv:20260604T101513Z|vietcap_iq:symbol_universe.csv:20260604T101513Z,high,source-backed exchange metadata from captured Vietcap IQ and/or HOSE universe dry-run files
DP1,UPCOM,vietcap_iq:exchange_listings.csv:20260604T101513Z|vietcap_iq:symbol_universe.csv:20260604T101513Z,high,source-backed exchange metadata from captured Vietcap IQ and/or HOSE universe dry-run files
DP2,UPCOM,vietcap_iq:exchange_listings.csv:20260604T101513Z|vietcap_iq:symbol_universe.csv:20260604T101513Z,high,source-backed exchange metadata from captured Vietcap IQ and/or HOSE universe dry-run files
DP3,HNX,vietcap_iq:exchange_listings.csv:20260604T101513Z|vietcap_iq:symbol_universe.csv:20260604T101513Z,high,source-backed exchange metadata from captured Vietcap IQ and/or HOSE universe dry-run files
DPC,UPCOM,vietcap_iq:exchange_listings.csv:20260604T101513Z|vietcap_iq:symbol_universe.csv:20260604T101513Z,high,source-backed exchange metadata from captured Vietcap IQ and/or HOSE universe dry-run files
DPG,HOSE,hose:exchange_listings.csv:20260603T080254Z|hose:symbol_universe.csv:20260603T080254Z|vietcap_iq:exchange_listings.csv:20260604T101513Z|vietcap_iq:symbol_universe.csv:20260604T101513Z,high,source-backed exchange metadata from captured Vietcap IQ and/or HOSE universe dry-run files
DPH,UPCOM,vietcap_iq:exchange_listings.csv:20260604T101513Z|vietcap_iq:symbol_universe.csv:20260604T101513Z,high,source-backed exchange metadata from captured Vietcap IQ and/or HOSE universe dry-run files
DPM,HOSE,hose:exchange_listings.csv:20260603T080254Z|hose:symbol_universe.csv:20260603T080254Z|vietcap_iq:exchange_listings.csv:20260604T101513Z|vietcap_iq:symbol_universe.csv:20260604T101513Z,high,source-backed exchange metadata from captured Vietcap IQ and/or HOSE universe dry-run files
DPP,UPCOM,vietcap_iq:exchange_listings.csv:20260604T101513Z|vietcap_iq:symbol_universe.csv:20260604T101513Z,high,source-backed exchange metadata from captured Vietcap IQ and/or HOSE universe dry-run files
DPR,HOSE,hose:exchange_listings.csv:20260603T080254Z|hose:symbol_universe.csv:20260603T080254Z|vietcap_iq:exchange_listings.csv:20260604T101513Z|vietcap_iq:symbol_universe.csv:20260604T101513Z,high,source-backed exchange metadata from captured Vietcap IQ and/or HOSE universe dry-run files
DQC,HOSE,hose:exchange_listings.csv:20260603T080254Z|hose:symbol_universe.csv:20260603T080254Z|vietcap_iq:exchange_listings.csv:20260604T101513Z|vietcap_iq:symbol_universe.csv:20260604T101513Z,high,source-backed exchange metadata from captured Vietcap IQ and/or HOSE universe dry-run files
DRC,HOSE,hose:exchange_listings.csv:20260603T080254Z|hose:symbol_universe.csv:20260603T080254Z|vietcap_iq:exchange_listings.csv:20260604T101513Z|vietcap_iq:symbol_universe.csv:20260604T101513Z,high,source-backed exchange metadata from captured Vietcap IQ and/or HOSE universe dry-run files
DRG,UPCOM,vietcap_iq:exchange_listings.csv:20260604T101513Z|vietcap_iq:symbol_universe.csv:20260604T101513Z,high,source-backed exchange metadata from captured Vietcap IQ and/or HOSE universe dry-run files
DRH,HOSE,hose:exchange_listings.csv:20260603T080254Z|hose:symbol_universe.csv:20260603T080254Z|vietcap_iq:exchange_listings.csv:20260604T101513Z|vietcap_iq:symbol_universe.csv:20260604T101513Z,high,source-backed exchange metadata from captured Vietcap IQ and/or HOSE universe dry-run files
DRI,UPCOM,vietcap_iq:exchange_listings.csv:20260604T101513Z|vietcap_iq:symbol_universe.csv:20260604T101513Z,high,source-backed exchange metadata from captured Vietcap IQ and/or HOSE universe dry-run files
DRL,HOSE,hose:exchange_listings.csv:20260603T080254Z|hose:symbol_universe.csv:20260603T080254Z|vietcap_iq:exchange_listings.csv:20260604T101513Z|vietcap_iq:symbol_universe.csv:20260604T101513Z,high,source-backed exchange metadata from captured Vietcap IQ and/or HOSE universe dry-run files
DS3,HNX,vietcap_iq:exchange_listings.csv:20260604T101513Z|vietcap_iq:symbol_universe.csv:20260604T101513Z,high,source-backed exchange metadata from captured Vietcap IQ and/or HOSE universe dry-run files
DSC,HOSE,hose:exchange_listings.csv:20260603T080254Z|hose:symbol_universe.csv:20260603T080254Z|vietcap_iq:exchange_listings.csv:20260604T101513Z|vietcap_iq:symbol_universe.csv:20260604T101513Z,high,source-backed exchange metadata from captured Vietcap IQ and/or HOSE universe dry-run files
DSD,UPCOM,vietcap_iq:exchange_listings.csv:20260604T101513Z|vietcap_iq:symbol_universe.csv:20260604T101513Z,high,source-backed exchange metadata from captured Vietcap IQ and/or HOSE universe dry-run files
DSE,HOSE,hose:exchange_listings.csv:20260603T080254Z|hose:symbol_universe.csv:20260603T080254Z|vietcap_iq:exchange_listings.csv:20260604T101513Z|vietcap_iq:symbol_universe.csv:20260604T101513Z,high,source-backed exchange metadata from captured Vietcap IQ and/or HOSE universe dry-run files
DSG,UPCOM,vietcap_iq:exchange_listings.csv:20260604T101513Z|vietcap_iq:symbol_universe.csv:20260604T101513Z,high,source-backed exchange metadata from captured Vietcap IQ and/or HOSE universe dry-run files
DSH,UPCOM,vietcap_iq:exchange_listings.csv:20260604T101513Z|vietcap_iq:symbol_universe.csv:20260604T101513Z,high,source-backed exchange metadata from captured Vietcap IQ and/or HOSE universe dry-run files
DSN,HOSE,hose:exchange_listings.csv:20260603T080254Z|hose:symbol_universe.csv:20260603T080254Z|vietcap_iq:exchange_listings.csv:20260604T101513Z|vietcap_iq:symbol_universe.csv:20260604T101513Z,high,source-backed exchange metadata from captured Vietcap IQ and/or HOSE universe dry-run files
DSP,UPCOM,vietcap_iq:exchange_listings.csv:20260604T101513Z|vietcap_iq:symbol_universe.csv:20260604T101513Z,high,source-backed exchange metadata from captured Vietcap IQ and/or HOSE universe dry-run files
DST,HNX,vietcap_iq:exchange_listings.csv:20260604T101513Z|vietcap_iq:symbol_universe.csv:20260604T101513Z,high,source-backed exchange metadata from captured Vietcap IQ and/or HOSE universe dry-run files
DTA,HOSE,hose:exchange_listings.csv:20260603T080254Z|hose:symbol_universe.csv:20260603T080254Z|vietcap_iq:exchange_listings.csv:20260604T101513Z|vietcap_iq:symbol_universe.csv:20260604T101513Z,high,source-backed exchange metadata from captured Vietcap IQ and/or HOSE universe dry-run files
DTC,UPCOM,vietcap_iq:exchange_listings.csv:20260604T101513Z|vietcap_iq:symbol_universe.csv:20260604T101513Z,high,source-backed exchange metadata from captured Vietcap IQ and/or HOSE universe dry-run files
DTD,HNX,vietcap_iq:exchange_listings.csv:20260604T101513Z|vietcap_iq:symbol_universe.csv:20260604T101513Z,high,source-backed exchange metadata from captured Vietcap IQ and/or HOSE universe dry-run files
DTG,HNX,vietcap_iq:exchange_listings.csv:20260604T101513Z|vietcap_iq:symbol_universe.csv:20260604T101513Z,high,source-backed exchange metadata from captured Vietcap IQ and/or HOSE universe dry-run files
DTH,UPCOM,vietcap_iq:exchange_listings.csv:20260604T101513Z|vietcap_iq:symbol_universe.csv:20260604T101513Z,high,source-backed exchange metadata from captured Vietcap IQ and/or HOSE universe dry-run files
DTI,UPCOM,vietcap_iq:exchange_listings.csv:20260604T101513Z|vietcap_iq:symbol_universe.csv:20260604T101513Z,high,source-backed exchange metadata from captured Vietcap IQ and/or HOSE universe dry-run files
DTK,HNX,vietcap_iq:exchange_listings.csv:20260604T101513Z|vietcap_iq:symbol_universe.csv:20260604T101513Z,high,source-backed exchange metadata from captured Vietcap IQ and/or HOSE universe dry-run files
DTL,HOSE,hose:exchange_listings.csv:20260603T080254Z|hose:symbol_universe.csv:20260603T080254Z|vietcap_iq:exchange_listings.csv:20260604T101513Z|vietcap_iq:symbol_universe.csv:20260604T101513Z,high,source-backed exchange metadata from captured Vietcap IQ and/or HOSE universe dry-run files
DTP,UPCOM,vietcap_iq:exchange_listings.csv:20260604T101513Z|vietcap_iq:symbol_universe.csv:20260604T101513Z,high,source-backed exchange metadata from captured Vietcap IQ and/or HOSE universe dry-run files
DTT,HOSE,hose:exchange_listings.csv:20260603T080254Z|hose:symbol_universe.csv:20260603T080254Z|vietcap_iq:exchange_listings.csv:20260604T101513Z|vietcap_iq:symbol_universe.csv:20260604T101513Z,high,source-backed exchange metadata from captured Vietcap IQ and/or HOSE universe dry-run files
DUS,UPCOM,vietcap_iq:exchange_listings.csv:20260604T101513Z|vietcap_iq:symbol_universe.csv:20260604T101513Z,high,source-backed exchange metadata from captured Vietcap IQ and/or HOSE universe dry-run files
DVC,UPCOM,vietcap_iq:exchange_listings.csv:20260604T101513Z|vietcap_iq:symbol_universe.csv:20260604T101513Z,high,source-backed exchange metadata from captured Vietcap IQ and/or HOSE universe dry-run files
DVG,UPCOM,vietcap_iq:exchange_listings.csv:20260604T101513Z|vietcap_iq:symbol_universe.csv:20260604T101513Z,high,source-backed exchange metadata from captured Vietcap IQ and/or HOSE universe dry-run files
DVM,HNX,vietcap_iq:exchange_listings.csv:20260604T101513Z|vietcap_iq:symbol_universe.csv:20260604T101513Z,high,source-backed exchange metadata from captured Vietcap IQ and/or HOSE universe dry-run files
DVN,UPCOM,vietcap_iq:exchange_listings.csv:20260604T101513Z|vietcap_iq:symbol_universe.csv:20260604T101513Z,high,source-backed exchange metadata from captured Vietcap IQ and/or HOSE universe dry-run files
DVP,HOSE,hose:exchange_listings.csv:20260603T080254Z|hose:symbol_universe.csv:20260603T080254Z|vietcap_iq:exchange_listings.csv:20260604T101513Z|vietcap_iq:symbol_universe.csv:20260604T101513Z,high,source-backed exchange metadata from captured Vietcap IQ and/or HOSE universe dry-run files
DVT,UPCOM,vietcap_iq:exchange_listings.csv:20260604T101513Z|vietcap_iq:symbol_universe.csv:20260604T101513Z,high,source-backed exchange metadata from captured Vietcap IQ and/or HOSE universe dry-run files
DVW,UPCOM,vietcap_iq:exchange_listings.csv:20260604T101513Z|vietcap_iq:symbol_universe.csv:20260604T101513Z,high,source-backed exchange metadata from captured Vietcap IQ and/or HOSE universe dry-run files
DWC,UPCOM,vietcap_iq:exchange_listings.csv:20260604T101513Z|vietcap_iq:symbol_universe.csv:20260604T101513Z,high,source-backed exchange metadata from captured Vietcap IQ and/or HOSE universe dry-run files
DWS,UPCOM,vietcap_iq:exchange_listings.csv:20260604T101513Z|vietcap_iq:symbol_universe.csv:20260604T101513Z,high,source-backed exchange metadata from captured Vietcap IQ and/or HOSE universe dry-run files
DXG,HOSE,hose:exchange_listings.csv:20260603T080254Z|hose:symbol_universe.csv:20260603T080254Z|vietcap_iq:exchange_listings.csv:20260604T101513Z|vietcap_iq:symbol_universe.csv:20260604T101513Z,high,source-backed exchange metadata from captured Vietcap IQ and/or HOSE universe dry-run files
DXL,UPCOM,vietcap_iq:exchange_listings.csv:20260604T101513Z|vietcap_iq:symbol_universe.csv:20260604T101513Z,high,source-backed exchange metadata from captured Vietcap IQ and/or HOSE universe dry-run files
DXP,HNX,vietcap_iq:exchange_listings.csv:20260604T101513Z|vietcap_iq:symbol_universe.csv:20260604T101513Z,high,source-backed exchange metadata from captured Vietcap IQ and/or HOSE universe dry-run files
DXS,HOSE,hose:exchange_listings.csv:20260603T080254Z|hose:symbol_universe.csv:20260603T080254Z|vietcap_iq:exchange_listings.csv:20260604T101513Z|vietcap_iq:symbol_universe.csv:20260604T101513Z,high,source-backed exchange metadata from captured Vietcap IQ and/or HOSE universe dry-run files
DXV,HOSE,hose:exchange_listings.csv:20260603T080254Z|hose:symbol_universe.csv:20260603T080254Z|vietcap_iq:exchange_listings.csv:20260604T101513Z|vietcap_iq:symbol_universe.csv:20260604T101513Z,high,source-backed exchange metadata from captured Vietcap IQ and/or HOSE universe dry-run files
DZM,UPCOM,vietcap_iq:exchange_listings.csv:20260604T101513Z|vietcap_iq:symbol_universe.csv:20260604T101513Z,high,source-backed exchange metadata from captured Vietcap IQ and/or HOSE universe dry-run files
E12,UPCOM,vietcap_iq:exchange_listings.csv:20260604T101513Z|vietcap_iq:symbol_universe.csv:20260604T101513Z,high,source-backed exchange metadata from captured Vietcap IQ and/or HOSE universe dry-run files
E1VFVN30,HOSE,vietcap_iq:exchange_listings.csv:20260604T101513Z|vietcap_iq:symbol_universe.csv:20260604T101513Z,high,source-backed exchange metadata from captured Vietcap IQ and/or HOSE universe dry-run files
E29,UPCOM,vietcap_iq:exchange_listings.csv:20260604T101513Z|vietcap_iq:symbol_universe.csv:20260604T101513Z,high,source-backed exchange metadata from captured Vietcap IQ and/or HOSE universe dry-run files
EBS,HNX,vietcap_iq:exchange_listings.csv:20260604T101513Z|vietcap_iq:symbol_universe.csv:20260604T101513Z,high,source-backed exchange metadata from captured Vietcap IQ and/or HOSE universe dry-run files
ECI,HNX,vietcap_iq:exchange_listings.csv:20260604T101513Z|vietcap_iq:symbol_universe.csv:20260604T101513Z,high,source-backed exchange metadata from captured Vietcap IQ and/or HOSE universe dry-run files
ECO,UPCOM,vietcap_iq:exchange_listings.csv:20260604T101513Z|vietcap_iq:symbol_universe.csv:20260604T101513Z,high,source-backed exchange metadata from captured Vietcap IQ and/or HOSE universe dry-run files
EFI,UPCOM,vietcap_iq:exchange_listings.csv:20260604T101513Z|vietcap_iq:symbol_universe.csv:20260604T101513Z,high,source-backed exchange metadata from captured Vietcap IQ and/or HOSE universe dry-run files
EGL,UPCOM,vietcap_iq:exchange_listings.csv:20260604T101513Z|vietcap_iq:symbol_universe.csv:20260604T101513Z,high,source-backed exchange metadata from captured Vietcap IQ and/or HOSE universe dry-run files
EIB,HOSE,hose:exchange_listings.csv:20260603T080254Z|hose:symbol_universe.csv:20260603T080254Z|vietcap_iq:exchange_listings.csv:20260604T101513Z|vietcap_iq:symbol_universe.csv:20260604T101513Z,high,source-backed exchange metadata from captured Vietcap IQ and/or HOSE universe dry-run files
EIC,UPCOM,vietcap_iq:exchange_listings.csv:20260604T101513Z|vietcap_iq:symbol_universe.csv:20260604T101513Z,high,source-backed exchange metadata from captured Vietcap IQ and/or HOSE universe dry-run files
EID,HNX,vietcap_iq:exchange_listings.csv:20260604T101513Z|vietcap_iq:symbol_universe.csv:20260604T101513Z,high,source-backed exchange metadata from captured Vietcap IQ and/or HOSE universe dry-run files
EIN,UPCOM,vietcap_iq:exchange_listings.csv:20260604T101513Z|vietcap_iq:symbol_universe.csv:20260604T101513Z,high,source-backed exchange metadata from captured Vietcap IQ and/or HOSE universe dry-run files
ELC,HOSE,hose:exchange_listings.csv:20260603T080254Z|hose:symbol_universe.csv:20260603T080254Z|vietcap_iq:exchange_listings.csv:20260604T101513Z|vietcap_iq:symbol_universe.csv:20260604T101513Z,high,source-backed exchange metadata from captured Vietcap IQ and/or HOSE universe dry-run files
EME,UPCOM,vietcap_iq:exchange_listings.csv:20260604T101513Z|vietcap_iq:symbol_universe.csv:20260604T101513Z,high,source-backed exchange metadata from captured Vietcap IQ and/or HOSE universe dry-run files
EMG,UPCOM,vietcap_iq:exchange_listings.csv:20260604T101513Z|vietcap_iq:symbol_universe.csv:20260604T101513Z,high,source-backed exchange metadata from captured Vietcap IQ and/or HOSE universe dry-run files
EMS,UPCOM,vietcap_iq:exchange_listings.csv:20260604T101513Z|vietcap_iq:symbol_universe.csv:20260604T101513Z,high,source-backed exchange metadata from captured Vietcap IQ and/or HOSE universe dry-run files
EVE,HOSE,hose:exchange_listings.csv:20260603T080254Z|hose:symbol_universe.csv:20260603T080254Z|vietcap_iq:exchange_listings.csv:20260604T101513Z|vietcap_iq:symbol_universe.csv:20260604T101513Z,high,source-backed exchange metadata from captured Vietcap IQ and/or HOSE universe dry-run files
EVF,HOSE,hose:exchange_listings.csv:20260603T080254Z|hose:symbol_universe.csv:20260603T080254Z|vietcap_iq:exchange_listings.csv:20260604T101513Z|vietcap_iq:symbol_universe.csv:20260604T101513Z,high,source-backed exchange metadata from captured Vietcap IQ and/or HOSE universe dry-run files
EVG,HOSE,hose:exchange_listings.csv:20260603T080254Z|hose:symbol_universe.csv:20260603T080254Z|vietcap_iq:exchange_listings.csv:20260604T101513Z|vietcap_iq:symbol_universe.csv:20260604T101513Z,high,source-backed exchange metadata from captured Vietcap IQ and/or HOSE universe dry-run files
EVS,HNX,vietcap_iq:exchange_listings.csv:20260604T101513Z|vietcap_iq:symbol_universe.csv:20260604T101513Z,high,source-backed exchange metadata from captured Vietcap IQ and/or HOSE universe dry-run files
F88,UPCOM,vietcap_iq:exchange_listings.csv:20260604T101513Z|vietcap_iq:symbol_universe.csv:20260604T101513Z,high,source-backed exchange metadata from captured Vietcap IQ and/or HOSE universe dry-run files
FBC,UPCOM,vietcap_iq:exchange_listings.csv:20260604T101513Z|vietcap_iq:symbol_universe.csv:20260604T101513Z,high,source-backed exchange metadata from captured Vietcap IQ and/or HOSE universe dry-run files
FCC,UPCOM,vietcap_iq:exchange_listings.csv:20260604T101513Z|vietcap_iq:symbol_universe.csv:20260604T101513Z,high,source-backed exchange metadata from captured Vietcap IQ and/or HOSE universe dry-run files
FCM,HOSE,hose:exchange_listings.csv:20260603T080254Z|hose:symbol_universe.csv:20260603T080254Z|vietcap_iq:exchange_listings.csv:20260604T101513Z|vietcap_iq:symbol_universe.csv:20260604T101513Z,high,source-backed exchange metadata from captured Vietcap IQ and/or HOSE universe dry-run files
FCN,HOSE,hose:exchange_listings.csv:20260603T080254Z|hose:symbol_universe.csv:20260603T080254Z|vietcap_iq:exchange_listings.csv:20260604T101513Z|vietcap_iq:symbol_universe.csv:20260604T101513Z,high,source-backed exchange metadata from captured Vietcap IQ and/or HOSE universe dry-run files
FCS,UPCOM,vietcap_iq:exchange_listings.csv:20260604T101513Z|vietcap_iq:symbol_universe.csv:20260604T101513Z,high,source-backed exchange metadata from captured Vietcap IQ and/or HOSE universe dry-run files
FDC,HOSE,hose:exchange_listings.csv:20260603T080254Z|hose:symbol_universe.csv:20260603T080254Z|vietcap_iq:exchange_listings.csv:20260604T101513Z|vietcap_iq:symbol_universe.csv:20260604T101513Z,high,source-backed exchange metadata from captured Vietcap IQ and/or HOSE universe dry-run files
FGL,UPCOM,vietcap_iq:exchange_listings.csv:20260604T101513Z|vietcap_iq:symbol_universe.csv:20260604T101513Z,high,source-backed exchange metadata from captured Vietcap IQ and/or HOSE universe dry-run files
FHN,UPCOM,vietcap_iq:exchange_listings.csv:20260604T101513Z|vietcap_iq:symbol_universe.csv:20260604T101513Z,high,source-backed exchange metadata from captured Vietcap IQ and/or HOSE universe dry-run files
FHS,UPCOM,vietcap_iq:exchange_listings.csv:20260604T101513Z|vietcap_iq:symbol_universe.csv:20260604T101513Z,high,source-backed exchange metadata from captured Vietcap IQ and/or HOSE universe dry-run files
FIC,UPCOM,vietcap_iq:exchange_listings.csv:20260604T101513Z|vietcap_iq:symbol_universe.csv:20260604T101513Z,high,source-backed exchange metadata from captured Vietcap IQ and/or HOSE universe dry-run files
FID,HNX,vietcap_iq:exchange_listings.csv:20260604T101513Z|vietcap_iq:symbol_universe.csv:20260604T101513Z,high,source-backed exchange metadata from captured Vietcap IQ and/or HOSE universe dry-run files
FIR,HOSE,hose:exchange_listings.csv:20260603T080254Z|hose:symbol_universe.csv:20260603T080254Z|vietcap_iq:exchange_listings.csv:20260604T101513Z|vietcap_iq:symbol_universe.csv:20260604T101513Z,high,source-backed exchange metadata from captured Vietcap IQ and/or HOSE universe dry-run files
FIT,HOSE,hose:exchange_listings.csv:20260603T080254Z|hose:symbol_universe.csv:20260603T080254Z|vietcap_iq:exchange_listings.csv:20260604T101513Z|vietcap_iq:symbol_universe.csv:20260604T101513Z,high,source-backed exchange metadata from captured Vietcap IQ and/or HOSE universe dry-run files
FMC,HOSE,hose:exchange_listings.csv:20260603T080254Z|hose:symbol_universe.csv:20260603T080254Z|vietcap_iq:exchange_listings.csv:20260604T101513Z|vietcap_iq:symbol_universe.csv:20260604T101513Z,high,source-backed exchange metadata from captured Vietcap IQ and/or HOSE universe dry-run files
FOC,UPCOM,vietcap_iq:exchange_listings.csv:20260604T101513Z|vietcap_iq:symbol_universe.csv:20260604T101513Z,high,source-backed exchange metadata from captured Vietcap IQ and/or HOSE universe dry-run files
FOX,UPCOM,vietcap_iq:exchange_listings.csv:20260604T101513Z|vietcap_iq:symbol_universe.csv:20260604T101513Z,high,source-backed exchange metadata from captured Vietcap IQ and/or HOSE universe dry-run files
FPT,HOSE,hose:exchange_listings.csv:20260603T080254Z|hose:symbol_universe.csv:20260603T080254Z|vietcap_iq:exchange_listings.csv:20260604T101513Z|vietcap_iq:symbol_universe.csv:20260604T101513Z,high,source-backed exchange metadata from captured Vietcap IQ and/or HOSE universe dry-run files
FRC,UPCOM,vietcap_iq:exchange_listings.csv:20260604T101513Z|vietcap_iq:symbol_universe.csv:20260604T101513Z,high,source-backed exchange metadata from captured Vietcap IQ and/or HOSE universe dry-run files
FRM,UPCOM,vietcap_iq:exchange_listings.csv:20260604T101513Z|vietcap_iq:symbol_universe.csv:20260604T101513Z,high,source-backed exchange metadata from captured Vietcap IQ and/or HOSE universe dry-run files
FRT,HOSE,hose:exchange_listings.csv:20260603T080254Z|hose:symbol_universe.csv:20260603T080254Z|vietcap_iq:exchange_listings.csv:20260604T101513Z|vietcap_iq:symbol_universe.csv:20260604T101513Z,high,source-backed exchange metadata from captured Vietcap IQ and/or HOSE universe dry-run files
FSO,UPCOM,vietcap_iq:exchange_listings.csv:20260604T101513Z|vietcap_iq:symbol_universe.csv:20260604T101513Z,high,source-backed exchange metadata from captured Vietcap IQ and/or HOSE universe dry-run files
FT1,UPCOM,vietcap_iq:exchange_listings.csv:20260604T101513Z|vietcap_iq:symbol_universe.csv:20260604T101513Z,high,source-backed exchange metadata from captured Vietcap IQ and/or HOSE universe dry-run files
FTI,UPCOM,vietcap_iq:exchange_listings.csv:20260604T101513Z|vietcap_iq:symbol_universe.csv:20260604T101513Z,high,source-backed exchange metadata from captured Vietcap IQ and/or HOSE universe dry-run files
FTM,UPCOM,vietcap_iq:exchange_listings.csv:20260604T101513Z|vietcap_iq:symbol_universe.csv:20260604T101513Z,high,source-backed exchange metadata from captured Vietcap IQ and/or HOSE universe dry-run files
FTS,HOSE,hose:exchange_listings.csv:20260603T080254Z|hose:symbol_universe.csv:20260603T080254Z|vietcap_iq:exchange_listings.csv:20260604T101513Z|vietcap_iq:symbol_universe.csv:20260604T101513Z,high,source-backed exchange metadata from captured Vietcap IQ and/or HOSE universe dry-run files
FUCTVGF3,HOSE,vietcap_iq:exchange_listings.csv:20260604T101513Z|vietcap_iq:symbol_universe.csv:20260604T101513Z,high,source-backed exchange metadata from captured Vietcap IQ and/or HOSE universe dry-run files
FUCTVGF4,HOSE,vietcap_iq:exchange_listings.csv:20260604T101513Z|vietcap_iq:symbol_universe.csv:20260604T101513Z,high,source-backed exchange metadata from captured Vietcap IQ and/or HOSE universe dry-run files
FUCTVGF5,HOSE,vietcap_iq:exchange_listings.csv:20260604T101513Z|vietcap_iq:symbol_universe.csv:20260604T101513Z,high,source-backed exchange metadata from captured Vietcap IQ and/or HOSE universe dry-run files
FUCVREIT,HOSE,vietcap_iq:exchange_listings.csv:20260604T101513Z|vietcap_iq:symbol_universe.csv:20260604T101513Z,high,source-backed exchange metadata from captured Vietcap IQ and/or HOSE universe dry-run files
FUEABVND,HOSE,vietcap_iq:exchange_listings.csv:20260604T101513Z|vietcap_iq:symbol_universe.csv:20260604T101513Z,high,source-backed exchange metadata from captured Vietcap IQ and/or HOSE universe dry-run files
FUEBFVND,HOSE,vietcap_iq:exchange_listings.csv:20260604T101513Z|vietcap_iq:symbol_universe.csv:20260604T101513Z,high,source-backed exchange metadata from captured Vietcap IQ and/or HOSE universe dry-run files
FUEDCMID,HOSE,vietcap_iq:exchange_listings.csv:20260604T101513Z|vietcap_iq:symbol_universe.csv:20260604T101513Z,high,source-backed exchange metadata from captured Vietcap IQ and/or HOSE universe dry-run files
FUEFCV50,HOSE,vietcap_iq:exchange_listings.csv:20260604T101513Z|vietcap_iq:symbol_universe.csv:20260604T101513Z,high,source-backed exchange metadata from captured Vietcap IQ and/or HOSE universe dry-run files
FUEIP100,HOSE,vietcap_iq:exchange_listings.csv:20260604T101513Z|vietcap_iq:symbol_universe.csv:20260604T101513Z,high,source-backed exchange metadata from captured Vietcap IQ and/or HOSE universe dry-run files
FUEKIV30,HOSE,vietcap_iq:exchange_listings.csv:20260604T101513Z|vietcap_iq:symbol_universe.csv:20260604T101513Z,high,source-backed exchange metadata from captured Vietcap IQ and/or HOSE universe dry-run files
FUEKIVFS,HOSE,vietcap_iq:exchange_listings.csv:20260604T101513Z|vietcap_iq:symbol_universe.csv:20260604T101513Z,high,source-backed exchange metadata from captured Vietcap IQ and/or HOSE universe dry-run files
FUEKIVND,HOSE,vietcap_iq:exchange_listings.csv:20260604T101513Z|vietcap_iq:symbol_universe.csv:20260604T101513Z,high,source-backed exchange metadata from captured Vietcap IQ and/or HOSE universe dry-run files
FUEMAV30,HOSE,vietcap_iq:exchange_listings.csv:20260604T101513Z|vietcap_iq:symbol_universe.csv:20260604T101513Z,high,source-backed exchange metadata from captured Vietcap IQ and/or HOSE universe dry-run files
FUEMAVND,HOSE,vietcap_iq:exchange_listings.csv:20260604T101513Z|vietcap_iq:symbol_universe.csv:20260604T101513Z,high,source-backed exchange metadata from captured Vietcap IQ and/or HOSE universe dry-run files
FUEMITEC,HOSE,vietcap_iq:exchange_listings.csv:20260604T101513Z|vietcap_iq:symbol_universe.csv:20260604T101513Z,high,source-backed exchange metadata from captured Vietcap IQ and/or HOSE universe dry-run files
FUESSV30,HOSE,vietcap_iq:exchange_listings.csv:20260604T101513Z|vietcap_iq:symbol_universe.csv:20260604T101513Z,high,source-backed exchange metadata from captured Vietcap IQ and/or HOSE universe dry-run files
FUESSV50,HOSE,vietcap_iq:exchange_listings.csv:20260604T101513Z|vietcap_iq:symbol_universe.csv:20260604T101513Z,high,source-backed exchange metadata from captured Vietcap IQ and/or HOSE universe dry-run files
FUESSVFL,HOSE,vietcap_iq:exchange_listings.csv:20260604T101513Z|vietcap_iq:symbol_universe.csv:20260604T101513Z,high,source-backed exchange metadata from captured Vietcap IQ and/or HOSE universe dry-run files
FUETCC50,HOSE,vietcap_iq:exchange_listings.csv:20260604T101513Z|vietcap_iq:symbol_universe.csv:20260604T101513Z,high,source-backed exchange metadata from captured Vietcap IQ and/or HOSE universe dry-run files
FUETPVND,HOSE,vietcap_iq:exchange_listings.csv:20260604T101513Z|vietcap_iq:symbol_universe.csv:20260604T101513Z,high,source-backed exchange metadata from captured Vietcap IQ and/or HOSE universe dry-run files
FUEVFVND,HOSE,vietcap_iq:exchange_listings.csv:20260604T101513Z|vietcap_iq:symbol_universe.csv:20260604T101513Z,high,source-backed exchange metadata from captured Vietcap IQ and/or HOSE universe dry-run files
FUEVN100,HOSE,vietcap_iq:exchange_listings.csv:20260604T101513Z|vietcap_iq:symbol_universe.csv:20260604T101513Z,high,source-backed exchange metadata from captured Vietcap IQ and/or HOSE universe dry-run files
FUEVN50G,HOSE,vietcap_iq:exchange_listings.csv:20260604T101513Z|vietcap_iq:symbol_universe.csv:20260604T101513Z,high,source-backed exchange metadata from captured Vietcap IQ and/or HOSE universe dry-run files
G20,UPCOM,vietcap_iq:exchange_listings.csv:20260604T101513Z|vietcap_iq:symbol_universe.csv:20260604T101513Z,high,source-backed exchange metadata from captured Vietcap IQ and/or HOSE universe dry-run files
G36,UPCOM,vietcap_iq:exchange_listings.csv:20260604T101513Z|vietcap_iq:symbol_universe.csv:20260604T101513Z,high,source-backed exchange metadata from captured Vietcap IQ and/or HOSE universe dry-run files
GAS,HOSE,hose:exchange_listings.csv:20260603T080254Z|hose:symbol_universe.csv:20260603T080254Z|vietcap_iq:exchange_listings.csv:20260604T101513Z|vietcap_iq:symbol_universe.csv:20260604T101513Z,high,source-backed exchange metadata from captured Vietcap IQ and/or HOSE universe dry-run files
GCB,UPCOM,vietcap_iq:exchange_listings.csv:20260604T101513Z|vietcap_iq:symbol_universe.csv:20260604T101513Z,high,source-backed exchange metadata from captured Vietcap IQ and/or HOSE universe dry-run files
GCF,UPCOM,vietcap_iq:exchange_listings.csv:20260604T101513Z|vietcap_iq:symbol_universe.csv:20260604T101513Z,high,source-backed exchange metadata from captured Vietcap IQ and/or HOSE universe dry-run files
GDA,UPCOM,vietcap_iq:exchange_listings.csv:20260604T101513Z|vietcap_iq:symbol_universe.csv:20260604T101513Z,high,source-backed exchange metadata from captured Vietcap IQ and/or HOSE universe dry-run files
GDH,UPCOM,vietcap_iq:exchange_listings.csv:20260604T101513Z|vietcap_iq:symbol_universe.csv:20260604T101513Z,high,source-backed exchange metadata from captured Vietcap IQ and/or HOSE universe dry-run files
GDT,HOSE,hose:exchange_listings.csv:20260603T080254Z|hose:symbol_universe.csv:20260603T080254Z|vietcap_iq:exchange_listings.csv:20260604T101513Z|vietcap_iq:symbol_universe.csv:20260604T101513Z,high,source-backed exchange metadata from captured Vietcap IQ and/or HOSE universe dry-run files
GDW,HNX,vietcap_iq:exchange_listings.csv:20260604T101513Z|vietcap_iq:symbol_universe.csv:20260604T101513Z,high,source-backed exchange metadata from captured Vietcap IQ and/or HOSE universe dry-run files
GE2,UPCOM,vietcap_iq:exchange_listings.csv:20260604T101513Z|vietcap_iq:symbol_universe.csv:20260604T101513Z,high,source-backed exchange metadata from captured Vietcap IQ and/or HOSE universe dry-run files
GEE,HOSE,hose:exchange_listings.csv:20260603T080254Z|hose:symbol_universe.csv:20260603T080254Z|vietcap_iq:exchange_listings.csv:20260604T101513Z|vietcap_iq:symbol_universe.csv:20260604T101513Z,high,source-backed exchange metadata from captured Vietcap IQ and/or HOSE universe dry-run files
GEG,HOSE,hose:exchange_listings.csv:20260603T080254Z|hose:symbol_universe.csv:20260603T080254Z|vietcap_iq:exchange_listings.csv:20260604T101513Z|vietcap_iq:symbol_universe.csv:20260604T101513Z,high,source-backed exchange metadata from captured Vietcap IQ and/or HOSE universe dry-run files
GEL,HOSE,hose:exchange_listings.csv:20260603T080254Z|hose:symbol_universe.csv:20260603T080254Z|vietcap_iq:exchange_listings.csv:20260604T101513Z|vietcap_iq:symbol_universe.csv:20260604T101513Z,high,source-backed exchange metadata from captured Vietcap IQ and/or HOSE universe dry-run files
GER,UPCOM,vietcap_iq:exchange_listings.csv:20260604T101513Z|vietcap_iq:symbol_universe.csv:20260604T101513Z,high,source-backed exchange metadata from captured Vietcap IQ and/or HOSE universe dry-run files
GEX,HOSE,hose:exchange_listings.csv:20260603T080254Z|hose:symbol_universe.csv:20260603T080254Z|vietcap_iq:exchange_listings.csv:20260604T101513Z|vietcap_iq:symbol_universe.csv:20260604T101513Z,high,source-backed exchange metadata from captured Vietcap IQ and/or HOSE universe dry-run files
GGG,UPCOM,vietcap_iq:exchange_listings.csv:20260604T101513Z|vietcap_iq:symbol_universe.csv:20260604T101513Z,high,source-backed exchange metadata from captured Vietcap IQ and/or HOSE universe dry-run files
GH3,UPCOM,vietcap_iq:exchange_listings.csv:20260604T101513Z|vietcap_iq:symbol_universe.csv:20260604T101513Z,high,source-backed exchange metadata from captured Vietcap IQ and/or HOSE universe dry-run files
GHC,HOSE,hose:exchange_listings.csv:20260603T080254Z|hose:symbol_universe.csv:20260603T080254Z|vietcap_iq:exchange_listings.csv:20260604T101513Z|vietcap_iq:symbol_universe.csv:20260604T101513Z,high,source-backed exchange metadata from captured Vietcap IQ and/or HOSE universe dry-run files
GIC,HNX,vietcap_iq:exchange_listings.csv:20260604T101513Z|vietcap_iq:symbol_universe.csv:20260604T101513Z,high,source-backed exchange metadata from captured Vietcap IQ and/or HOSE universe dry-run files
GIL,HOSE,hose:exchange_listings.csv:20260603T080254Z|hose:symbol_universe.csv:20260603T080254Z|vietcap_iq:exchange_listings.csv:20260604T101513Z|vietcap_iq:symbol_universe.csv:20260604T101513Z,high,source-backed exchange metadata from captured Vietcap IQ and/or HOSE universe dry-run files
GKM,HNX,vietcap_iq:exchange_listings.csv:20260604T101513Z|vietcap_iq:symbol_universe.csv:20260604T101513Z,high,source-backed exchange metadata from captured Vietcap IQ and/or HOSE universe dry-run files
GLC,UPCOM,vietcap_iq:exchange_listings.csv:20260604T101513Z|vietcap_iq:symbol_universe.csv:20260604T101513Z,high,source-backed exchange metadata from captured Vietcap IQ and/or HOSE universe dry-run files
GLT,HNX,vietcap_iq:exchange_listings.csv:20260604T101513Z|vietcap_iq:symbol_universe.csv:20260604T101513Z,high,source-backed exchange metadata from captured Vietcap IQ and/or HOSE universe dry-run files
GLW,UPCOM,vietcap_iq:exchange_listings.csv:20260604T101513Z|vietcap_iq:symbol_universe.csv:20260604T101513Z,high,source-backed exchange metadata from captured Vietcap IQ and/or HOSE universe dry-run files
GMA,HNX,vietcap_iq:exchange_listings.csv:20260604T101513Z|vietcap_iq:symbol_universe.csv:20260604T101513Z,high,source-backed exchange metadata from captured Vietcap IQ and/or HOSE universe dry-run files
GMC,UPCOM,vietcap_iq:exchange_listings.csv:20260604T101513Z|vietcap_iq:symbol_universe.csv:20260604T101513Z,high,source-backed exchange metadata from captured Vietcap IQ and/or HOSE universe dry-run files
GMD,HOSE,hose:exchange_listings.csv:20260603T080254Z|hose:symbol_universe.csv:20260603T080254Z|vietcap_iq:exchange_listings.csv:20260604T101513Z|vietcap_iq:symbol_universe.csv:20260604T101513Z,high,source-backed exchange metadata from captured Vietcap IQ and/or HOSE universe dry-run files
GMH,HOSE,hose:exchange_listings.csv:20260603T080254Z|hose:symbol_universe.csv:20260603T080254Z|vietcap_iq:exchange_listings.csv:20260604T101513Z|vietcap_iq:symbol_universe.csv:20260604T101513Z,high,source-backed exchange metadata from captured Vietcap IQ and/or HOSE universe dry-run files
GMX,HNX,vietcap_iq:exchange_listings.csv:20260604T101513Z|vietcap_iq:symbol_universe.csv:20260604T101513Z,high,source-backed exchange metadata from captured Vietcap IQ and/or HOSE universe dry-run files
GND,UPCOM,vietcap_iq:exchange_listings.csv:20260604T101513Z|vietcap_iq:symbol_universe.csv:20260604T101513Z,high,source-backed exchange metadata from captured Vietcap IQ and/or HOSE universe dry-run files
GPC,UPCOM,vietcap_iq:exchange_listings.csv:20260604T101513Z|vietcap_iq:symbol_universe.csv:20260604T101513Z,high,source-backed exchange metadata from captured Vietcap IQ and/or HOSE universe dry-run files
GSM,UPCOM,vietcap_iq:exchange_listings.csv:20260604T101513Z|vietcap_iq:symbol_universe.csv:20260604T101513Z,high,source-backed exchange metadata from captured Vietcap IQ and/or HOSE universe dry-run files
GSP,HOSE,hose:exchange_listings.csv:20260603T080254Z|hose:symbol_universe.csv:20260603T080254Z|vietcap_iq:exchange_listings.csv:20260604T101513Z|vietcap_iq:symbol_universe.csv:20260604T101513Z,high,source-backed exchange metadata from captured Vietcap IQ and/or HOSE universe dry-run files
GTA,HOSE,hose:exchange_listings.csv:20260603T080254Z|hose:symbol_universe.csv:20260603T080254Z|vietcap_iq:exchange_listings.csv:20260604T101513Z|vietcap_iq:symbol_universe.csv:20260604T101513Z,high,source-backed exchange metadata from captured Vietcap IQ and/or HOSE universe dry-run files
GTD,UPCOM,vietcap_iq:exchange_listings.csv:20260604T101513Z|vietcap_iq:symbol_universe.csv:20260604T101513Z,high,source-backed exchange metadata from captured Vietcap IQ and/or HOSE universe dry-run files
GTS,UPCOM,vietcap_iq:exchange_listings.csv:20260604T101513Z|vietcap_iq:symbol_universe.csv:20260604T101513Z,high,source-backed exchange metadata from captured Vietcap IQ and/or HOSE universe dry-run files
GTT,UPCOM,vietcap_iq:exchange_listings.csv:20260604T101513Z|vietcap_iq:symbol_universe.csv:20260604T101513Z,high,source-backed exchange metadata from captured Vietcap IQ and/or HOSE universe dry-run files
GVR,HOSE,hose:exchange_listings.csv:20260603T080254Z|hose:symbol_universe.csv:20260603T080254Z|vietcap_iq:exchange_listings.csv:20260604T101513Z|vietcap_iq:symbol_universe.csv:20260604T101513Z,high,source-backed exchange metadata from captured Vietcap IQ and/or HOSE universe dry-run files
GVT,UPCOM,vietcap_iq:exchange_listings.csv:20260604T101513Z|vietcap_iq:symbol_universe.csv:20260604T101513Z,high,source-backed exchange metadata from captured Vietcap IQ and/or HOSE universe dry-run files
H11,UPCOM,vietcap_iq:exchange_listings.csv:20260604T101513Z|vietcap_iq:symbol_universe.csv:20260604T101513Z,high,source-backed exchange metadata from captured Vietcap IQ and/or HOSE universe dry-run files
HAC,UPCOM,vietcap_iq:exchange_listings.csv:20260604T101513Z|vietcap_iq:symbol_universe.csv:20260604T101513Z,high,source-backed exchange metadata from captured Vietcap IQ and/or HOSE universe dry-run files
HAD,HNX,vietcap_iq:exchange_listings.csv:20260604T101513Z|vietcap_iq:symbol_universe.csv:20260604T101513Z,high,source-backed exchange metadata from captured Vietcap IQ and/or HOSE universe dry-run files
HAF,UPCOM,vietcap_iq:exchange_listings.csv:20260604T101513Z|vietcap_iq:symbol_universe.csv:20260604T101513Z,high,source-backed exchange metadata from captured Vietcap IQ and/or HOSE universe dry-run files
HAG,HOSE,hose:exchange_listings.csv:20260603T080254Z|hose:symbol_universe.csv:20260603T080254Z|vietcap_iq:exchange_listings.csv:20260604T101513Z|vietcap_iq:symbol_universe.csv:20260604T101513Z,high,source-backed exchange metadata from captured Vietcap IQ and/or HOSE universe dry-run files
HAH,HOSE,hose:exchange_listings.csv:20260603T080254Z|hose:symbol_universe.csv:20260603T080254Z|vietcap_iq:exchange_listings.csv:20260604T101513Z|vietcap_iq:symbol_universe.csv:20260604T101513Z,high,source-backed exchange metadata from captured Vietcap IQ and/or HOSE universe dry-run files
HAM,UPCOM,vietcap_iq:exchange_listings.csv:20260604T101513Z|vietcap_iq:symbol_universe.csv:20260604T101513Z,high,source-backed exchange metadata from captured Vietcap IQ and/or HOSE universe dry-run files
HAN,UPCOM,vietcap_iq:exchange_listings.csv:20260604T101513Z|vietcap_iq:symbol_universe.csv:20260604T101513Z,high,source-backed exchange metadata from captured Vietcap IQ and/or HOSE universe dry-run files
HAP,HOSE,hose:exchange_listings.csv:20260603T080254Z|hose:symbol_universe.csv:20260603T080254Z|vietcap_iq:exchange_listings.csv:20260604T101513Z|vietcap_iq:symbol_universe.csv:20260604T101513Z,high,source-backed exchange metadata from captured Vietcap IQ and/or HOSE universe dry-run files
HAR,HOSE,hose:exchange_listings.csv:20260603T080254Z|hose:symbol_universe.csv:20260603T080254Z|vietcap_iq:exchange_listings.csv:20260604T101513Z|vietcap_iq:symbol_universe.csv:20260604T101513Z,high,source-backed exchange metadata from captured Vietcap IQ and/or HOSE universe dry-run files
HAS,HOSE,hose:exchange_listings.csv:20260603T080254Z|hose:symbol_universe.csv:20260603T080254Z|vietcap_iq:exchange_listings.csv:20260604T101513Z|vietcap_iq:symbol_universe.csv:20260604T101513Z,high,source-backed exchange metadata from captured Vietcap IQ and/or HOSE universe dry-run files
HAT,HNX,vietcap_iq:exchange_listings.csv:20260604T101513Z|vietcap_iq:symbol_universe.csv:20260604T101513Z,high,source-backed exchange metadata from captured Vietcap IQ and/or HOSE universe dry-run files
HAV,UPCOM,vietcap_iq:exchange_listings.csv:20260604T101513Z|vietcap_iq:symbol_universe.csv:20260604T101513Z,high,source-backed exchange metadata from captured Vietcap IQ and/or HOSE universe dry-run files
HAX,HOSE,hose:exchange_listings.csv:20260603T080254Z|hose:symbol_universe.csv:20260603T080254Z|vietcap_iq:exchange_listings.csv:20260604T101513Z|vietcap_iq:symbol_universe.csv:20260604T101513Z,high,source-backed exchange metadata from captured Vietcap IQ and/or HOSE universe dry-run files
HBC,UPCOM,vietcap_iq:exchange_listings.csv:20260604T101513Z|vietcap_iq:symbol_universe.csv:20260604T101513Z,high,source-backed exchange metadata from captured Vietcap IQ and/or HOSE universe dry-run files
HBD,UPCOM,vietcap_iq:exchange_listings.csv:20260604T101513Z|vietcap_iq:symbol_universe.csv:20260604T101513Z,high,source-backed exchange metadata from captured Vietcap IQ and/or HOSE universe dry-run files
HBH,UPCOM,vietcap_iq:exchange_listings.csv:20260604T101513Z|vietcap_iq:symbol_universe.csv:20260604T101513Z,high,source-backed exchange metadata from captured Vietcap IQ and/or HOSE universe dry-run files
HBS,HNX,vietcap_iq:exchange_listings.csv:20260604T101513Z|vietcap_iq:symbol_universe.csv:20260604T101513Z,high,source-backed exchange metadata from captured Vietcap IQ and/or HOSE universe dry-run files
HC1,UPCOM,vietcap_iq:exchange_listings.csv:20260604T101513Z|vietcap_iq:symbol_universe.csv:20260604T101513Z,high,source-backed exchange metadata from captured Vietcap IQ and/or HOSE universe dry-run files
HC3,UPCOM,vietcap_iq:exchange_listings.csv:20260604T101513Z|vietcap_iq:symbol_universe.csv:20260604T101513Z,high,source-backed exchange metadata from captured Vietcap IQ and/or HOSE universe dry-run files
HCC,HNX,vietcap_iq:exchange_listings.csv:20260604T101513Z|vietcap_iq:symbol_universe.csv:20260604T101513Z,high,source-backed exchange metadata from captured Vietcap IQ and/or HOSE universe dry-run files
HCD,HOSE,hose:exchange_listings.csv:20260603T080254Z|hose:symbol_universe.csv:20260603T080254Z|vietcap_iq:exchange_listings.csv:20260604T101513Z|vietcap_iq:symbol_universe.csv:20260604T101513Z,high,source-backed exchange metadata from captured Vietcap IQ and/or HOSE universe dry-run files
HCI,UPCOM,vietcap_iq:exchange_listings.csv:20260604T101513Z|vietcap_iq:symbol_universe.csv:20260604T101513Z,high,source-backed exchange metadata from captured Vietcap IQ and/or HOSE universe dry-run files
HCM,HOSE,hose:exchange_listings.csv:20260603T080254Z|hose:symbol_universe.csv:20260603T080254Z|vietcap_iq:exchange_listings.csv:20260604T101513Z|vietcap_iq:symbol_universe.csv:20260604T101513Z,high,source-backed exchange metadata from captured Vietcap IQ and/or HOSE universe dry-run files
HCT,HNX,vietcap_iq:exchange_listings.csv:20260604T101513Z|vietcap_iq:symbol_universe.csv:20260604T101513Z,high,source-backed exchange metadata from captured Vietcap IQ and/or HOSE universe dry-run files
HD2,UPCOM,vietcap_iq:exchange_listings.csv:20260604T101513Z|vietcap_iq:symbol_universe.csv:20260604T101513Z,high,source-backed exchange metadata from captured Vietcap IQ and/or HOSE universe dry-run files
HD6,UPCOM,vietcap_iq:exchange_listings.csv:20260604T101513Z|vietcap_iq:symbol_universe.csv:20260604T101513Z,high,source-backed exchange metadata from captured Vietcap IQ and/or HOSE universe dry-run files
HD8,UPCOM,vietcap_iq:exchange_listings.csv:20260604T101513Z|vietcap_iq:symbol_universe.csv:20260604T101513Z,high,source-backed exchange metadata from captured Vietcap IQ and/or HOSE universe dry-run files
HDA,HNX,vietcap_iq:exchange_listings.csv:20260604T101513Z|vietcap_iq:symbol_universe.csv:20260604T101513Z,high,source-backed exchange metadata from captured Vietcap IQ and/or HOSE universe dry-run files
HDB,HOSE,hose:exchange_listings.csv:20260603T080254Z|hose:symbol_universe.csv:20260603T080254Z|vietcap_iq:exchange_listings.csv:20260604T101513Z|vietcap_iq:symbol_universe.csv:20260604T101513Z,high,source-backed exchange metadata from captured Vietcap IQ and/or HOSE universe dry-run files
HDC,HOSE,hose:exchange_listings.csv:20260603T080254Z|hose:symbol_universe.csv:20260603T080254Z|vietcap_iq:exchange_listings.csv:20260604T101513Z|vietcap_iq:symbol_universe.csv:20260604T101513Z,high,source-backed exchange metadata from captured Vietcap IQ and/or HOSE universe dry-run files
HDG,HOSE,hose:exchange_listings.csv:20260603T080254Z|hose:symbol_universe.csv:20260603T080254Z|vietcap_iq:exchange_listings.csv:20260604T101513Z|vietcap_iq:symbol_universe.csv:20260604T101513Z,high,source-backed exchange metadata from captured Vietcap IQ and/or HOSE universe dry-run files
HDM,UPCOM,vietcap_iq:exchange_listings.csv:20260604T101513Z|vietcap_iq:symbol_universe.csv:20260604T101513Z,high,source-backed exchange metadata from captured Vietcap IQ and/or HOSE universe dry-run files
HDP,UPCOM,vietcap_iq:exchange_listings.csv:20260604T101513Z|vietcap_iq:symbol_universe.csv:20260604T101513Z,high,source-backed exchange metadata from captured Vietcap IQ and/or HOSE universe dry-run files
HDW,UPCOM,vietcap_iq:exchange_listings.csv:20260604T101513Z|vietcap_iq:symbol_universe.csv:20260604T101513Z,high,source-backed exchange metadata from captured Vietcap IQ and/or HOSE universe dry-run files
HEC,UPCOM,vietcap_iq:exchange_listings.csv:20260604T101513Z|vietcap_iq:symbol_universe.csv:20260604T101513Z,high,source-backed exchange metadata from captured Vietcap IQ and/or HOSE universe dry-run files
HEJ,UPCOM,vietcap_iq:exchange_listings.csv:20260604T101513Z|vietcap_iq:symbol_universe.csv:20260604T101513Z,high,source-backed exchange metadata from captured Vietcap IQ and/or HOSE universe dry-run files
HEP,UPCOM,vietcap_iq:exchange_listings.csv:20260604T101513Z|vietcap_iq:symbol_universe.csv:20260604T101513Z,high,source-backed exchange metadata from captured Vietcap IQ and/or HOSE universe dry-run files
HES,UPCOM,vietcap_iq:exchange_listings.csv:20260604T101513Z|vietcap_iq:symbol_universe.csv:20260604T101513Z,high,source-backed exchange metadata from captured Vietcap IQ and/or HOSE universe dry-run files
HEV,HNX,vietcap_iq:exchange_listings.csv:20260604T101513Z|vietcap_iq:symbol_universe.csv:20260604T101513Z,high,source-backed exchange metadata from captured Vietcap IQ and/or HOSE universe dry-run files
HFB,UPCOM,vietcap_iq:exchange_listings.csv:20260604T101513Z|vietcap_iq:symbol_universe.csv:20260604T101513Z,high,source-backed exchange metadata from captured Vietcap IQ and/or HOSE universe dry-run files
HFC,UPCOM,vietcap_iq:exchange_listings.csv:20260604T101513Z|vietcap_iq:symbol_universe.csv:20260604T101513Z,high,source-backed exchange metadata from captured Vietcap IQ and/or HOSE universe dry-run files
HFX,UPCOM,vietcap_iq:exchange_listings.csv:20260604T101513Z|vietcap_iq:symbol_universe.csv:20260604T101513Z,high,source-backed exchange metadata from captured Vietcap IQ and/or HOSE universe dry-run files
HGM,HNX,vietcap_iq:exchange_listings.csv:20260604T101513Z|vietcap_iq:symbol_universe.csv:20260604T101513Z,high,source-backed exchange metadata from captured Vietcap IQ and/or HOSE universe dry-run files
HGT,UPCOM,vietcap_iq:exchange_listings.csv:20260604T101513Z|vietcap_iq:symbol_universe.csv:20260604T101513Z,high,source-backed exchange metadata from captured Vietcap IQ and/or HOSE universe dry-run files
HHB,UPCOM,vietcap_iq:exchange_listings.csv:20260604T101513Z|vietcap_iq:symbol_universe.csv:20260604T101513Z,high,source-backed exchange metadata from captured Vietcap IQ and/or HOSE universe dry-run files
HHC,HNX,vietcap_iq:exchange_listings.csv:20260604T101513Z|vietcap_iq:symbol_universe.csv:20260604T101513Z,high,source-backed exchange metadata from captured Vietcap IQ and/or HOSE universe dry-run files
HHG,UPCOM,vietcap_iq:exchange_listings.csv:20260604T101513Z|vietcap_iq:symbol_universe.csv:20260604T101513Z,high,source-backed exchange metadata from captured Vietcap IQ and/or HOSE universe dry-run files
HHN,UPCOM,vietcap_iq:exchange_listings.csv:20260604T101513Z|vietcap_iq:symbol_universe.csv:20260604T101513Z,high,source-backed exchange metadata from captured Vietcap IQ and/or HOSE universe dry-run files
HHP,HOSE,hose:exchange_listings.csv:20260603T080254Z|hose:symbol_universe.csv:20260603T080254Z|vietcap_iq:exchange_listings.csv:20260604T101513Z|vietcap_iq:symbol_universe.csv:20260604T101513Z,high,source-backed exchange metadata from captured Vietcap IQ and/or HOSE universe dry-run files
HHS,HOSE,hose:exchange_listings.csv:20260603T080254Z|hose:symbol_universe.csv:20260603T080254Z|vietcap_iq:exchange_listings.csv:20260604T101513Z|vietcap_iq:symbol_universe.csv:20260604T101513Z,high,source-backed exchange metadata from captured Vietcap IQ and/or HOSE universe dry-run files
HHV,HOSE,hose:exchange_listings.csv:20260603T080254Z|hose:symbol_universe.csv:20260603T080254Z|vietcap_iq:exchange_listings.csv:20260604T101513Z|vietcap_iq:symbol_universe.csv:20260604T101513Z,high,source-backed exchange metadata from captured Vietcap IQ and/or HOSE universe dry-run files
HID,HOSE,hose:exchange_listings.csv:20260603T080254Z|hose:symbol_universe.csv:20260603T080254Z|vietcap_iq:exchange_listings.csv:20260604T101513Z|vietcap_iq:symbol_universe.csv:20260604T101513Z,high,source-backed exchange metadata from captured Vietcap IQ and/or HOSE universe dry-run files
HII,HOSE,hose:exchange_listings.csv:20260603T080254Z|hose:symbol_universe.csv:20260603T080254Z|vietcap_iq:exchange_listings.csv:20260604T101513Z|vietcap_iq:symbol_universe.csv:20260604T101513Z,high,source-backed exchange metadata from captured Vietcap IQ and/or HOSE universe dry-run files
HIO,UPCOM,vietcap_iq:exchange_listings.csv:20260604T101513Z|vietcap_iq:symbol_universe.csv:20260604T101513Z,high,source-backed exchange metadata from captured Vietcap IQ and/or HOSE universe dry-run files
HJC,UPCOM,vietcap_iq:exchange_listings.csv:20260604T101513Z|vietcap_iq:symbol_universe.csv:20260604T101513Z,high,source-backed exchange metadata from captured Vietcap IQ and/or HOSE universe dry-run files
HJS,HNX,vietcap_iq:exchange_listings.csv:20260604T101513Z|vietcap_iq:symbol_universe.csv:20260604T101513Z,high,source-backed exchange metadata from captured Vietcap IQ and/or HOSE universe dry-run files
HKB,UPCOM,vietcap_iq:exchange_listings.csv:20260604T101513Z|vietcap_iq:symbol_universe.csv:20260604T101513Z,high,source-backed exchange metadata from captured Vietcap IQ and/or HOSE universe dry-run files
HKT,HNX,vietcap_iq:exchange_listings.csv:20260604T101513Z|vietcap_iq:symbol_universe.csv:20260604T101513Z,high,source-backed exchange metadata from captured Vietcap IQ and/or HOSE universe dry-run files
HLA,UPCOM,vietcap_iq:exchange_listings.csv:20260604T101513Z|vietcap_iq:symbol_universe.csv:20260604T101513Z,high,source-backed exchange metadata from captured Vietcap IQ and/or HOSE universe dry-run files
HLB,UPCOM,vietcap_iq:exchange_listings.csv:20260604T101513Z|vietcap_iq:symbol_universe.csv:20260604T101513Z,high,source-backed exchange metadata from captured Vietcap IQ and/or HOSE universe dry-run files
HLC,HNX,vietcap_iq:exchange_listings.csv:20260604T101513Z|vietcap_iq:symbol_universe.csv:20260604T101513Z,high,source-backed exchange metadata from captured Vietcap IQ and/or HOSE universe dry-run files
HLD,HNX,vietcap_iq:exchange_listings.csv:20260604T101513Z|vietcap_iq:symbol_universe.csv:20260604T101513Z,high,source-backed exchange metadata from captured Vietcap IQ and/or HOSE universe dry-run files
HLO,UPCOM,vietcap_iq:exchange_listings.csv:20260604T101513Z|vietcap_iq:symbol_universe.csv:20260604T101513Z,high,source-backed exchange metadata from captured Vietcap IQ and/or HOSE universe dry-run files
HLS,UPCOM,vietcap_iq:exchange_listings.csv:20260604T101513Z|vietcap_iq:symbol_universe.csv:20260604T101513Z,high,source-backed exchange metadata from captured Vietcap IQ and/or HOSE universe dry-run files
HLT,UPCOM,vietcap_iq:exchange_listings.csv:20260604T101513Z|vietcap_iq:symbol_universe.csv:20260604T101513Z,high,source-backed exchange metadata from captured Vietcap IQ and/or HOSE universe dry-run files
HLY,UPCOM,vietcap_iq:exchange_listings.csv:20260604T101513Z|vietcap_iq:symbol_universe.csv:20260604T101513Z,high,source-backed exchange metadata from captured Vietcap IQ and/or HOSE universe dry-run files
HMC,HOSE,hose:exchange_listings.csv:20260603T080254Z|hose:symbol_universe.csv:20260603T080254Z|vietcap_iq:exchange_listings.csv:20260604T101513Z|vietcap_iq:symbol_universe.csv:20260604T101513Z,high,source-backed exchange metadata from captured Vietcap IQ and/or HOSE universe dry-run files
HMD,UPCOM,vietcap_iq:exchange_listings.csv:20260604T101513Z|vietcap_iq:symbol_universe.csv:20260604T101513Z,high,source-backed exchange metadata from captured Vietcap IQ and/or HOSE universe dry-run files
HMG,UPCOM,vietcap_iq:exchange_listings.csv:20260604T101513Z|vietcap_iq:symbol_universe.csv:20260604T101513Z,high,source-backed exchange metadata from captured Vietcap IQ and/or HOSE universe dry-run files
HMH,HNX,vietcap_iq:exchange_listings.csv:20260604T101513Z|vietcap_iq:symbol_universe.csv:20260604T101513Z,high,source-backed exchange metadata from captured Vietcap IQ and/or HOSE universe dry-run files
HMR,HNX,vietcap_iq:exchange_listings.csv:20260604T101513Z|vietcap_iq:symbol_universe.csv:20260604T101513Z,high,source-backed exchange metadata from captured Vietcap IQ and/or HOSE universe dry-run files
HMS,UPCOM,vietcap_iq:exchange_listings.csv:20260604T101513Z|vietcap_iq:symbol_universe.csv:20260604T101513Z,high,source-backed exchange metadata from captured Vietcap IQ and/or HOSE universe dry-run files
HNA,HOSE,hose:exchange_listings.csv:20260603T080254Z|hose:symbol_universe.csv:20260603T080254Z|vietcap_iq:exchange_listings.csv:20260604T101513Z|vietcap_iq:symbol_universe.csv:20260604T101513Z,high,source-backed exchange metadata from captured Vietcap IQ and/or HOSE universe dry-run files
HNB,UPCOM,vietcap_iq:exchange_listings.csv:20260604T101513Z|vietcap_iq:symbol_universe.csv:20260604T101513Z,high,source-backed exchange metadata from captured Vietcap IQ and/or HOSE universe dry-run files
HND,UPCOM,vietcap_iq:exchange_listings.csv:20260604T101513Z|vietcap_iq:symbol_universe.csv:20260604T101513Z,high,source-backed exchange metadata from captured Vietcap IQ and/or HOSE universe dry-run files
HNF,UPCOM,vietcap_iq:exchange_listings.csv:20260604T101513Z|vietcap_iq:symbol_universe.csv:20260604T101513Z,high,source-backed exchange metadata from captured Vietcap IQ and/or HOSE universe dry-run files
HNG,UPCOM,vietcap_iq:exchange_listings.csv:20260604T101513Z|vietcap_iq:symbol_universe.csv:20260604T101513Z,high,source-backed exchange metadata from captured Vietcap IQ and/or HOSE universe dry-run files
HNI,UPCOM,vietcap_iq:exchange_listings.csv:20260604T101513Z|vietcap_iq:symbol_universe.csv:20260604T101513Z,high,source-backed exchange metadata from captured Vietcap IQ and/or HOSE universe dry-run files
HNM,UPCOM,vietcap_iq:exchange_listings.csv:20260604T101513Z|vietcap_iq:symbol_universe.csv:20260604T101513Z,high,source-backed exchange metadata from captured Vietcap IQ and/or HOSE universe dry-run files
HNP,UPCOM,vietcap_iq:exchange_listings.csv:20260604T101513Z|vietcap_iq:symbol_universe.csv:20260604T101513Z,high,source-backed exchange metadata from captured Vietcap IQ and/or HOSE universe dry-run files
HNR,UPCOM,vietcap_iq:exchange_listings.csv:20260604T101513Z|vietcap_iq:symbol_universe.csv:20260604T101513Z,high,source-backed exchange metadata from captured Vietcap IQ and/or HOSE universe dry-run files
HOM,HNX,vietcap_iq:exchange_listings.csv:20260604T101513Z|vietcap_iq:symbol_universe.csv:20260604T101513Z,high,source-backed exchange metadata from captured Vietcap IQ and/or HOSE universe dry-run files
HOT,UPCOM,vietcap_iq:exchange_listings.csv:20260604T101513Z|vietcap_iq:symbol_universe.csv:20260604T101513Z,high,source-backed exchange metadata from captured Vietcap IQ and/or HOSE universe dry-run files
HPA,HOSE,hose:exchange_listings.csv:20260603T080254Z|hose:symbol_universe.csv:20260603T080254Z|vietcap_iq:exchange_listings.csv:20260604T101513Z|vietcap_iq:symbol_universe.csv:20260604T101513Z,high,source-backed exchange metadata from captured Vietcap IQ and/or HOSE universe dry-run files
HPB,UPCOM,vietcap_iq:exchange_listings.csv:20260604T101513Z|vietcap_iq:symbol_universe.csv:20260604T101513Z,high,source-backed exchange metadata from captured Vietcap IQ and/or HOSE universe dry-run files
HPD,UPCOM,vietcap_iq:exchange_listings.csv:20260604T101513Z|vietcap_iq:symbol_universe.csv:20260604T101513Z,high,source-backed exchange metadata from captured Vietcap IQ and/or HOSE universe dry-run files
HPG,HOSE,hose:exchange_listings.csv:20260603T080254Z|hose:symbol_universe.csv:20260603T080254Z|vietcap_iq:exchange_listings.csv:20260604T101513Z|vietcap_iq:symbol_universe.csv:20260604T101513Z,high,source-backed exchange metadata from captured Vietcap IQ and/or HOSE universe dry-run files
HPH,UPCOM,vietcap_iq:exchange_listings.csv:20260604T101513Z|vietcap_iq:symbol_universe.csv:20260604T101513Z,high,source-backed exchange metadata from captured Vietcap IQ and/or HOSE universe dry-run files
HPI,UPCOM,vietcap_iq:exchange_listings.csv:20260604T101513Z|vietcap_iq:symbol_universe.csv:20260604T101513Z,high,source-backed exchange metadata from captured Vietcap IQ and/or HOSE universe dry-run files
HPM,UPCOM,vietcap_iq:exchange_listings.csv:20260604T101513Z|vietcap_iq:symbol_universe.csv:20260604T101513Z,high,source-backed exchange metadata from captured Vietcap IQ and/or HOSE universe dry-run files
HPO,UPCOM,vietcap_iq:exchange_listings.csv:20260604T101513Z|vietcap_iq:symbol_universe.csv:20260604T101513Z,high,source-backed exchange metadata from captured Vietcap IQ and/or HOSE universe dry-run files
HPP,UPCOM,vietcap_iq:exchange_listings.csv:20260604T101513Z|vietcap_iq:symbol_universe.csv:20260604T101513Z,high,source-backed exchange metadata from captured Vietcap IQ and/or HOSE universe dry-run files
HPT,UPCOM,vietcap_iq:exchange_listings.csv:20260604T101513Z|vietcap_iq:symbol_universe.csv:20260604T101513Z,high,source-backed exchange metadata from captured Vietcap IQ and/or HOSE universe dry-run files
HPW,UPCOM,vietcap_iq:exchange_listings.csv:20260604T101513Z|vietcap_iq:symbol_universe.csv:20260604T101513Z,high,source-backed exchange metadata from captured Vietcap IQ and/or HOSE universe dry-run files
HPX,HOSE,hose:exchange_listings.csv:20260603T080254Z|hose:symbol_universe.csv:20260603T080254Z|vietcap_iq:exchange_listings.csv:20260604T101513Z|vietcap_iq:symbol_universe.csv:20260604T101513Z,high,source-backed exchange metadata from captured Vietcap IQ and/or HOSE universe dry-run files
HQC,HOSE,hose:exchange_listings.csv:20260603T080254Z|hose:symbol_universe.csv:20260603T080254Z|vietcap_iq:exchange_listings.csv:20260604T101513Z|vietcap_iq:symbol_universe.csv:20260604T101513Z,high,source-backed exchange metadata from captured Vietcap IQ and/or HOSE universe dry-run files
HRB,UPCOM,vietcap_iq:exchange_listings.csv:20260604T101513Z|vietcap_iq:symbol_universe.csv:20260604T101513Z,high,source-backed exchange metadata from captured Vietcap IQ and/or HOSE universe dry-run files
HRC,HOSE,hose:exchange_listings.csv:20260603T080254Z|hose:symbol_universe.csv:20260603T080254Z|vietcap_iq:exchange_listings.csv:20260604T101513Z|vietcap_iq:symbol_universe.csv:20260604T101513Z,high,source-backed exchange metadata from captured Vietcap IQ and/or HOSE universe dry-run files
HSA,UPCOM,vietcap_iq:exchange_listings.csv:20260604T101513Z|vietcap_iq:symbol_universe.csv:20260604T101513Z,high,source-backed exchange metadata from captured Vietcap IQ and/or HOSE universe dry-run files
HSG,HOSE,hose:exchange_listings.csv:20260603T080254Z|hose:symbol_universe.csv:20260603T080254Z|vietcap_iq:exchange_listings.csv:20260604T101513Z|vietcap_iq:symbol_universe.csv:20260604T101513Z,high,source-backed exchange metadata from captured Vietcap IQ and/or HOSE universe dry-run files
HSL,HOSE,hose:exchange_listings.csv:20260603T080254Z|hose:symbol_universe.csv:20260603T080254Z|vietcap_iq:exchange_listings.csv:20260604T101513Z|vietcap_iq:symbol_universe.csv:20260604T101513Z,high,source-backed exchange metadata from captured Vietcap IQ and/or HOSE universe dry-run files
HSM,UPCOM,vietcap_iq:exchange_listings.csv:20260604T101513Z|vietcap_iq:symbol_universe.csv:20260604T101513Z,high,source-backed exchange metadata from captured Vietcap IQ and/or HOSE universe dry-run files
HSP,UPCOM,vietcap_iq:exchange_listings.csv:20260604T101513Z|vietcap_iq:symbol_universe.csv:20260604T101513Z,high,source-backed exchange metadata from captured Vietcap IQ and/or HOSE universe dry-run files
HSV,UPCOM,vietcap_iq:exchange_listings.csv:20260604T101513Z|vietcap_iq:symbol_universe.csv:20260604T101513Z,high,source-backed exchange metadata from captured Vietcap IQ and/or HOSE universe dry-run files
HT1,HOSE,hose:exchange_listings.csv:20260603T080254Z|hose:symbol_universe.csv:20260603T080254Z|vietcap_iq:exchange_listings.csv:20260604T101513Z|vietcap_iq:symbol_universe.csv:20260604T101513Z,high,source-backed exchange metadata from captured Vietcap IQ and/or HOSE universe dry-run files
HTC,HNX,vietcap_iq:exchange_listings.csv:20260604T101513Z|vietcap_iq:symbol_universe.csv:20260604T101513Z,high,source-backed exchange metadata from captured Vietcap IQ and/or HOSE universe dry-run files
HTE,UPCOM,vietcap_iq:exchange_listings.csv:20260604T101513Z|vietcap_iq:symbol_universe.csv:20260604T101513Z,high,source-backed exchange metadata from captured Vietcap IQ and/or HOSE universe dry-run files
HTG,HOSE,hose:exchange_listings.csv:20260603T080254Z|hose:symbol_universe.csv:20260603T080254Z|vietcap_iq:exchange_listings.csv:20260604T101513Z|vietcap_iq:symbol_universe.csv:20260604T101513Z,high,source-backed exchange metadata from captured Vietcap IQ and/or HOSE universe dry-run files
HTI,HOSE,hose:exchange_listings.csv:20260603T080254Z|hose:symbol_universe.csv:20260603T080254Z|vietcap_iq:exchange_listings.csv:20260604T101513Z|vietcap_iq:symbol_universe.csv:20260604T101513Z,high,source-backed exchange metadata from captured Vietcap IQ and/or HOSE universe dry-run files
HTL,HOSE,hose:exchange_listings.csv:20260603T080254Z|hose:symbol_universe.csv:20260603T080254Z|vietcap_iq:exchange_listings.csv:20260604T101513Z|vietcap_iq:symbol_universe.csv:20260604T101513Z,high,source-backed exchange metadata from captured Vietcap IQ and/or HOSE universe dry-run files
HTM,UPCOM,vietcap_iq:exchange_listings.csv:20260604T101513Z|vietcap_iq:symbol_universe.csv:20260604T101513Z,high,source-backed exchange metadata from captured Vietcap IQ and/or HOSE universe dry-run files
HTN,HOSE,hose:exchange_listings.csv:20260603T080254Z|hose:symbol_universe.csv:20260603T080254Z|vietcap_iq:exchange_listings.csv:20260604T101513Z|vietcap_iq:symbol_universe.csv:20260604T101513Z,high,source-backed exchange metadata from captured Vietcap IQ and/or HOSE universe dry-run files
HTP,UPCOM,vietcap_iq:exchange_listings.csv:20260604T101513Z|vietcap_iq:symbol_universe.csv:20260604T101513Z,high,source-backed exchange metadata from captured Vietcap IQ and/or HOSE universe dry-run files
HTT,UPCOM,vietcap_iq:exchange_listings.csv:20260604T101513Z|vietcap_iq:symbol_universe.csv:20260604T101513Z,high,source-backed exchange metadata from captured Vietcap IQ and/or HOSE universe dry-run files
HTV,HOSE,hose:exchange_listings.csv:20260603T080254Z|hose:symbol_universe.csv:20260603T080254Z|vietcap_iq:exchange_listings.csv:20260604T101513Z|vietcap_iq:symbol_universe.csv:20260604T101513Z,high,source-backed exchange metadata from captured Vietcap IQ and/or HOSE universe dry-run files
HU1,HOSE,hose:exchange_listings.csv:20260603T080254Z|hose:symbol_universe.csv:20260603T080254Z|vietcap_iq:exchange_listings.csv:20260604T101513Z|vietcap_iq:symbol_universe.csv:20260604T101513Z,high,source-backed exchange metadata from captured Vietcap IQ and/or HOSE universe dry-run files
HU3,UPCOM,vietcap_iq:exchange_listings.csv:20260604T101513Z|vietcap_iq:symbol_universe.csv:20260604T101513Z,high,source-backed exchange metadata from captured Vietcap IQ and/or HOSE universe dry-run files
HU4,UPCOM,vietcap_iq:exchange_listings.csv:20260604T101513Z|vietcap_iq:symbol_universe.csv:20260604T101513Z,high,source-backed exchange metadata from captured Vietcap IQ and/or HOSE universe dry-run files
HU6,UPCOM,vietcap_iq:exchange_listings.csv:20260604T101513Z|vietcap_iq:symbol_universe.csv:20260604T101513Z,high,source-backed exchange metadata from captured Vietcap IQ and/or HOSE universe dry-run files
HUB,HOSE,hose:exchange_listings.csv:20260603T080254Z|hose:symbol_universe.csv:20260603T080254Z|vietcap_iq:exchange_listings.csv:20260604T101513Z|vietcap_iq:symbol_universe.csv:20260604T101513Z,high,source-backed exchange metadata from captured Vietcap IQ and/or HOSE universe dry-run files
HUG,UPCOM,vietcap_iq:exchange_listings.csv:20260604T101513Z|vietcap_iq:symbol_universe.csv:20260604T101513Z,high,source-backed exchange metadata from captured Vietcap IQ and/or HOSE universe dry-run files
HUT,HNX,vietcap_iq:exchange_listings.csv:20260604T101513Z|vietcap_iq:symbol_universe.csv:20260604T101513Z,high,source-backed exchange metadata from captured Vietcap IQ and/or HOSE universe dry-run files
HVA,UPCOM,vietcap_iq:exchange_listings.csv:20260604T101513Z|vietcap_iq:symbol_universe.csv:20260604T101513Z,high,source-backed exchange metadata from captured Vietcap IQ and/or HOSE universe dry-run files
HVH,HOSE,hose:exchange_listings.csv:20260603T080254Z|hose:symbol_universe.csv:20260603T080254Z|vietcap_iq:exchange_listings.csv:20260604T101513Z|vietcap_iq:symbol_universe.csv:20260604T101513Z,high,source-backed exchange metadata from captured Vietcap IQ and/or HOSE universe dry-run files
HVN,HOSE,hose:exchange_listings.csv:20260603T080254Z|hose:symbol_universe.csv:20260603T080254Z|vietcap_iq:exchange_listings.csv:20260604T101513Z|vietcap_iq:symbol_universe.csv:20260604T101513Z,high,source-backed exchange metadata from captured Vietcap IQ and/or HOSE universe dry-run files
HVT,HNX,vietcap_iq:exchange_listings.csv:20260604T101513Z|vietcap_iq:symbol_universe.csv:20260604T101513Z,high,source-backed exchange metadata from captured Vietcap IQ and/or HOSE universe dry-run files
HVX,UPCOM,vietcap_iq:exchange_listings.csv:20260604T101513Z|vietcap_iq:symbol_universe.csv:20260604T101513Z,high,source-backed exchange metadata from captured Vietcap IQ and/or HOSE universe dry-run files
HWS,UPCOM,vietcap_iq:exchange_listings.csv:20260604T101513Z|vietcap_iq:symbol_universe.csv:20260604T101513Z,high,source-backed exchange metadata from captured Vietcap IQ and/or HOSE universe dry-run files
IBD,UPCOM,vietcap_iq:exchange_listings.csv:20260604T101513Z|vietcap_iq:symbol_universe.csv:20260604T101513Z,high,source-backed exchange metadata from captured Vietcap IQ and/or HOSE universe dry-run files
ICC,UPCOM,vietcap_iq:exchange_listings.csv:20260604T101513Z|vietcap_iq:symbol_universe.csv:20260604T101513Z,high,source-backed exchange metadata from captured Vietcap IQ and/or HOSE universe dry-run files
ICF,UPCOM,vietcap_iq:exchange_listings.csv:20260604T101513Z|vietcap_iq:symbol_universe.csv:20260604T101513Z,high,source-backed exchange metadata from captured Vietcap IQ and/or HOSE universe dry-run files
ICG,HNX,vietcap_iq:exchange_listings.csv:20260604T101513Z|vietcap_iq:symbol_universe.csv:20260604T101513Z,high,source-backed exchange metadata from captured Vietcap IQ and/or HOSE universe dry-run files
ICI,UPCOM,vietcap_iq:exchange_listings.csv:20260604T101513Z|vietcap_iq:symbol_universe.csv:20260604T101513Z,high,source-backed exchange metadata from captured Vietcap IQ and/or HOSE universe dry-run files
ICN,UPCOM,vietcap_iq:exchange_listings.csv:20260604T101513Z|vietcap_iq:symbol_universe.csv:20260604T101513Z,high,source-backed exchange metadata from captured Vietcap IQ and/or HOSE universe dry-run files
ICT,HOSE,hose:exchange_listings.csv:20260603T080254Z|hose:symbol_universe.csv:20260603T080254Z|vietcap_iq:exchange_listings.csv:20260604T101513Z|vietcap_iq:symbol_universe.csv:20260604T101513Z,high,source-backed exchange metadata from captured Vietcap IQ and/or HOSE universe dry-run files
IDC,HNX,vietcap_iq:exchange_listings.csv:20260604T101513Z|vietcap_iq:symbol_universe.csv:20260604T101513Z,high,source-backed exchange metadata from captured Vietcap IQ and/or HOSE universe dry-run files
IDI,HOSE,hose:exchange_listings.csv:20260603T080254Z|hose:symbol_universe.csv:20260603T080254Z|vietcap_iq:exchange_listings.csv:20260604T101513Z|vietcap_iq:symbol_universe.csv:20260604T101513Z,high,source-backed exchange metadata from captured Vietcap IQ and/or HOSE universe dry-run files
IDJ,HNX,vietcap_iq:exchange_listings.csv:20260604T101513Z|vietcap_iq:symbol_universe.csv:20260604T101513Z,high,source-backed exchange metadata from captured Vietcap IQ and/or HOSE universe dry-run files
IDP,UPCOM,vietcap_iq:exchange_listings.csv:20260604T101513Z|vietcap_iq:symbol_universe.csv:20260604T101513Z,high,source-backed exchange metadata from captured Vietcap IQ and/or HOSE universe dry-run files
IDV,HNX,vietcap_iq:exchange_listings.csv:20260604T101513Z|vietcap_iq:symbol_universe.csv:20260604T101513Z,high,source-backed exchange metadata from captured Vietcap IQ and/or HOSE universe dry-run files
IFS,UPCOM,vietcap_iq:exchange_listings.csv:20260604T101513Z|vietcap_iq:symbol_universe.csv:20260604T101513Z,high,source-backed exchange metadata from captured Vietcap IQ and/or HOSE universe dry-run files
IJC,HOSE,hose:exchange_listings.csv:20260603T080254Z|hose:symbol_universe.csv:20260603T080254Z|vietcap_iq:exchange_listings.csv:20260604T101513Z|vietcap_iq:symbol_universe.csv:20260604T101513Z,high,source-backed exchange metadata from captured Vietcap IQ and/or HOSE universe dry-run files
ILA,UPCOM,vietcap_iq:exchange_listings.csv:20260604T101513Z|vietcap_iq:symbol_universe.csv:20260604T101513Z,high,source-backed exchange metadata from captured Vietcap IQ and/or HOSE universe dry-run files
ILB,HOSE,hose:exchange_listings.csv:20260603T080254Z|hose:symbol_universe.csv:20260603T080254Z|vietcap_iq:exchange_listings.csv:20260604T101513Z|vietcap_iq:symbol_universe.csv:20260604T101513Z,high,source-backed exchange metadata from captured Vietcap IQ and/or HOSE universe dry-run files
ILC,UPCOM,vietcap_iq:exchange_listings.csv:20260604T101513Z|vietcap_iq:symbol_universe.csv:20260604T101513Z,high,source-backed exchange metadata from captured Vietcap IQ and/or HOSE universe dry-run files
ILS,UPCOM,vietcap_iq:exchange_listings.csv:20260604T101513Z|vietcap_iq:symbol_universe.csv:20260604T101513Z,high,source-backed exchange metadata from captured Vietcap IQ and/or HOSE universe dry-run files
IME,UPCOM,vietcap_iq:exchange_listings.csv:20260604T101513Z|vietcap_iq:symbol_universe.csv:20260604T101513Z,high,source-backed exchange metadata from captured Vietcap IQ and/or HOSE universe dry-run files
IMP,HOSE,hose:exchange_listings.csv:20260603T080254Z|hose:symbol_universe.csv:20260603T080254Z|vietcap_iq:exchange_listings.csv:20260604T101513Z|vietcap_iq:symbol_universe.csv:20260604T101513Z,high,source-backed exchange metadata from captured Vietcap IQ and/or HOSE universe dry-run files
IN4,UPCOM,vietcap_iq:exchange_listings.csv:20260604T101513Z|vietcap_iq:symbol_universe.csv:20260604T101513Z,high,source-backed exchange metadata from captured Vietcap IQ and/or HOSE universe dry-run files
INC,HNX,vietcap_iq:exchange_listings.csv:20260604T101513Z|vietcap_iq:symbol_universe.csv:20260604T101513Z,high,source-backed exchange metadata from captured Vietcap IQ and/or HOSE universe dry-run files
INN,HNX,vietcap_iq:exchange_listings.csv:20260604T101513Z|vietcap_iq:symbol_universe.csv:20260604T101513Z,high,source-backed exchange metadata from captured Vietcap IQ and/or HOSE universe dry-run files
IPA,HNX,vietcap_iq:exchange_listings.csv:20260604T101513Z|vietcap_iq:symbol_universe.csv:20260604T101513Z,high,source-backed exchange metadata from captured Vietcap IQ and/or HOSE universe dry-run files
IRC,UPCOM,vietcap_iq:exchange_listings.csv:20260604T101513Z|vietcap_iq:symbol_universe.csv:20260604T101513Z,high,source-backed exchange metadata from captured Vietcap IQ and/or HOSE universe dry-run files
ISG,UPCOM,vietcap_iq:exchange_listings.csv:20260604T101513Z|vietcap_iq:symbol_universe.csv:20260604T101513Z,high,source-backed exchange metadata from captured Vietcap IQ and/or HOSE universe dry-run files
ISH,UPCOM,vietcap_iq:exchange_listings.csv:20260604T101513Z|vietcap_iq:symbol_universe.csv:20260604T101513Z,high,source-backed exchange metadata from captured Vietcap IQ and/or HOSE universe dry-run files
IST,UPCOM,vietcap_iq:exchange_listings.csv:20260604T101513Z|vietcap_iq:symbol_universe.csv:20260604T101513Z,high,source-backed exchange metadata from captured Vietcap IQ and/or HOSE universe dry-run files
ITA,UPCOM,vietcap_iq:exchange_listings.csv:20260604T101513Z|vietcap_iq:symbol_universe.csv:20260604T101513Z,high,source-backed exchange metadata from captured Vietcap IQ and/or HOSE universe dry-run files
ITC,HOSE,hose:exchange_listings.csv:20260603T080254Z|hose:symbol_universe.csv:20260603T080254Z|vietcap_iq:exchange_listings.csv:20260604T101513Z|vietcap_iq:symbol_universe.csv:20260604T101513Z,high,source-backed exchange metadata from captured Vietcap IQ and/or HOSE universe dry-run files
ITD,HOSE,hose:exchange_listings.csv:20260603T080254Z|hose:symbol_universe.csv:20260603T080254Z|vietcap_iq:exchange_listings.csv:20260604T101513Z|vietcap_iq:symbol_universe.csv:20260604T101513Z,high,source-backed exchange metadata from captured Vietcap IQ and/or HOSE universe dry-run files
ITQ,HNX,vietcap_iq:exchange_listings.csv:20260604T101513Z|vietcap_iq:symbol_universe.csv:20260604T101513Z,high,source-backed exchange metadata from captured Vietcap IQ and/or HOSE universe dry-run files
ITS,UPCOM,vietcap_iq:exchange_listings.csv:20260604T101513Z|vietcap_iq:symbol_universe.csv:20260604T101513Z,high,source-backed exchange metadata from captured Vietcap IQ and/or HOSE universe dry-run files
IVS,HNX,vietcap_iq:exchange_listings.csv:20260604T101513Z|vietcap_iq:symbol_universe.csv:20260604T101513Z,high,source-backed exchange metadata from captured Vietcap IQ and/or HOSE universe dry-run files
JOS,UPCOM,vietcap_iq:exchange_listings.csv:20260604T101513Z|vietcap_iq:symbol_universe.csv:20260604T101513Z,high,source-backed exchange metadata from captured Vietcap IQ and/or HOSE universe dry-run files
JVC,HOSE,hose:exchange_listings.csv:20260603T080254Z|hose:symbol_universe.csv:20260603T080254Z|vietcap_iq:exchange_listings.csv:20260604T101513Z|vietcap_iq:symbol_universe.csv:20260604T101513Z,high,source-backed exchange metadata from captured Vietcap IQ and/or HOSE universe dry-run files
KBC,HOSE,hose:exchange_listings.csv:20260603T080254Z|hose:symbol_universe.csv:20260603T080254Z|vietcap_iq:exchange_listings.csv:20260604T101513Z|vietcap_iq:symbol_universe.csv:20260604T101513Z,high,source-backed exchange metadata from captured Vietcap IQ and/or HOSE universe dry-run files
KCB,UPCOM,vietcap_iq:exchange_listings.csv:20260604T101513Z|vietcap_iq:symbol_universe.csv:20260604T101513Z,high,source-backed exchange metadata from captured Vietcap IQ and/or HOSE universe dry-run files
KDC,HOSE,hose:exchange_listings.csv:20260603T080254Z|hose:symbol_universe.csv:20260603T080254Z|vietcap_iq:exchange_listings.csv:20260604T101513Z|vietcap_iq:symbol_universe.csv:20260604T101513Z,high,source-backed exchange metadata from captured Vietcap IQ and/or HOSE universe dry-run files
KDH,HOSE,hose:exchange_listings.csv:20260603T080254Z|hose:symbol_universe.csv:20260603T080254Z|vietcap_iq:exchange_listings.csv:20260604T101513Z|vietcap_iq:symbol_universe.csv:20260604T101513Z,high,source-backed exchange metadata from captured Vietcap IQ and/or HOSE universe dry-run files
KDM,HNX,vietcap_iq:exchange_listings.csv:20260604T101513Z|vietcap_iq:symbol_universe.csv:20260604T101513Z,high,source-backed exchange metadata from captured Vietcap IQ and/or HOSE universe dry-run files
KGM,UPCOM,vietcap_iq:exchange_listings.csv:20260604T101513Z|vietcap_iq:symbol_universe.csv:20260604T101513Z,high,source-backed exchange metadata from captured Vietcap IQ and/or HOSE universe dry-run files
KHD,UPCOM,vietcap_iq:exchange_listings.csv:20260604T101513Z|vietcap_iq:symbol_universe.csv:20260604T101513Z,high,source-backed exchange metadata from captured Vietcap IQ and/or HOSE universe dry-run files
KHG,HOSE,hose:exchange_listings.csv:20260603T080254Z|hose:symbol_universe.csv:20260603T080254Z|vietcap_iq:exchange_listings.csv:20260604T101513Z|vietcap_iq:symbol_universe.csv:20260604T101513Z,high,source-backed exchange metadata from captured Vietcap IQ and/or HOSE universe dry-run files
KHP,HOSE,hose:exchange_listings.csv:20260603T080254Z|hose:symbol_universe.csv:20260603T080254Z|vietcap_iq:exchange_listings.csv:20260604T101513Z|vietcap_iq:symbol_universe.csv:20260604T101513Z,high,source-backed exchange metadata from captured Vietcap IQ and/or HOSE universe dry-run files
KHS,HNX,vietcap_iq:exchange_listings.csv:20260604T101513Z|vietcap_iq:symbol_universe.csv:20260604T101513Z,high,source-backed exchange metadata from captured Vietcap IQ and/or HOSE universe dry-run files
KHW,UPCOM,vietcap_iq:exchange_listings.csv:20260604T101513Z|vietcap_iq:symbol_universe.csv:20260604T101513Z,high,source-backed exchange metadata from captured Vietcap IQ and/or HOSE universe dry-run files
KHX,UPCOM,vietcap_iq:exchange_listings.csv:20260604T101513Z|vietcap_iq:symbol_universe.csv:20260604T101513Z,high,source-backed exchange metadata from captured Vietcap IQ and/or HOSE universe dry-run files
KIP,UPCOM,vietcap_iq:exchange_listings.csv:20260604T101513Z|vietcap_iq:symbol_universe.csv:20260604T101513Z,high,source-backed exchange metadata from captured Vietcap IQ and/or HOSE universe dry-run files
KKC,HNX,vietcap_iq:exchange_listings.csv:20260604T101513Z|vietcap_iq:symbol_universe.csv:20260604T101513Z,high,source-backed exchange metadata from captured Vietcap IQ and/or HOSE universe dry-run files
KLB,HOSE,hose:exchange_listings.csv:20260603T080254Z|hose:symbol_universe.csv:20260603T080254Z|vietcap_iq:exchange_listings.csv:20260604T101513Z|vietcap_iq:symbol_universe.csv:20260604T101513Z,high,source-backed exchange metadata from captured Vietcap IQ and/or HOSE universe dry-run files
KMR,HOSE,hose:exchange_listings.csv:20260603T080254Z|hose:symbol_universe.csv:20260603T080254Z|vietcap_iq:exchange_listings.csv:20260604T101513Z|vietcap_iq:symbol_universe.csv:20260604T101513Z,high,source-backed exchange metadata from captured Vietcap IQ and/or HOSE universe dry-run files
KMT,HNX,vietcap_iq:exchange_listings.csv:20260604T101513Z|vietcap_iq:symbol_universe.csv:20260604T101513Z,high,source-backed exchange metadata from captured Vietcap IQ and/or HOSE universe dry-run files
KOS,HOSE,hose:exchange_listings.csv:20260603T080254Z|hose:symbol_universe.csv:20260603T080254Z|vietcap_iq:exchange_listings.csv:20260604T101513Z|vietcap_iq:symbol_universe.csv:20260604T101513Z,high,source-backed exchange metadata from captured Vietcap IQ and/or HOSE universe dry-run files
KPF,UPCOM,vietcap_iq:exchange_listings.csv:20260604T101513Z|vietcap_iq:symbol_universe.csv:20260604T101513Z,high,source-backed exchange metadata from captured Vietcap IQ and/or HOSE universe dry-run files
KSB,HOSE,hose:exchange_listings.csv:20260603T080254Z|hose:symbol_universe.csv:20260603T080254Z|vietcap_iq:exchange_listings.csv:20260604T101513Z|vietcap_iq:symbol_universe.csv:20260604T101513Z,high,source-backed exchange metadata from captured Vietcap IQ and/or HOSE universe dry-run files
KSD,HNX,vietcap_iq:exchange_listings.csv:20260604T101513Z|vietcap_iq:symbol_universe.csv:20260604T101513Z,high,source-backed exchange metadata from captured Vietcap IQ and/or HOSE universe dry-run files
KSF,HNX,vietcap_iq:exchange_listings.csv:20260604T101513Z|vietcap_iq:symbol_universe.csv:20260604T101513Z,high,source-backed exchange metadata from captured Vietcap IQ and/or HOSE universe dry-run files
KSQ,UPCOM,vietcap_iq:exchange_listings.csv:20260604T101513Z|vietcap_iq:symbol_universe.csv:20260604T101513Z,high,source-backed exchange metadata from captured Vietcap IQ and/or HOSE universe dry-run files
KST,HNX,vietcap_iq:exchange_listings.csv:20260604T101513Z|vietcap_iq:symbol_universe.csv:20260604T101513Z,high,source-backed exchange metadata from captured Vietcap IQ and/or HOSE universe dry-run files
KSV,HNX,vietcap_iq:exchange_listings.csv:20260604T101513Z|vietcap_iq:symbol_universe.csv:20260604T101513Z,high,source-backed exchange metadata from captured Vietcap IQ and/or HOSE universe dry-run files
KTC,UPCOM,vietcap_iq:exchange_listings.csv:20260604T101513Z|vietcap_iq:symbol_universe.csv:20260604T101513Z,high,source-backed exchange metadata from captured Vietcap IQ and/or HOSE universe dry-run files
KTL,UPCOM,vietcap_iq:exchange_listings.csv:20260604T101513Z|vietcap_iq:symbol_universe.csv:20260604T101513Z,high,source-backed exchange metadata from captured Vietcap IQ and/or HOSE universe dry-run files
KTS,HNX,vietcap_iq:exchange_listings.csv:20260604T101513Z|vietcap_iq:symbol_universe.csv:20260604T101513Z,high,source-backed exchange metadata from captured Vietcap IQ and/or HOSE universe dry-run files
KTT,UPCOM,vietcap_iq:exchange_listings.csv:20260604T101513Z|vietcap_iq:symbol_universe.csv:20260604T101513Z,high,source-backed exchange metadata from captured Vietcap IQ and/or HOSE universe dry-run files
KVC,UPCOM,vietcap_iq:exchange_listings.csv:20260604T101513Z|vietcap_iq:symbol_universe.csv:20260604T101513Z,high,source-backed exchange metadata from captured Vietcap IQ and/or HOSE universe dry-run files
L10,HOSE,hose:exchange_listings.csv:20260603T080254Z|hose:symbol_universe.csv:20260603T080254Z|vietcap_iq:exchange_listings.csv:20260604T101513Z|vietcap_iq:symbol_universe.csv:20260604T101513Z,high,source-backed exchange metadata from captured Vietcap IQ and/or HOSE universe dry-run files
L12,UPCOM,vietcap_iq:exchange_listings.csv:20260604T101513Z|vietcap_iq:symbol_universe.csv:20260604T101513Z,high,source-backed exchange metadata from captured Vietcap IQ and/or HOSE universe dry-run files
L14,HNX,vietcap_iq:exchange_listings.csv:20260604T101513Z|vietcap_iq:symbol_universe.csv:20260604T101513Z,high,source-backed exchange metadata from captured Vietcap IQ and/or HOSE universe dry-run files
L18,HNX,vietcap_iq:exchange_listings.csv:20260604T101513Z|vietcap_iq:symbol_universe.csv:20260604T101513Z,high,source-backed exchange metadata from captured Vietcap IQ and/or HOSE universe dry-run files
L35,UPCOM,vietcap_iq:exchange_listings.csv:20260604T101513Z|vietcap_iq:symbol_universe.csv:20260604T101513Z,high,source-backed exchange metadata from captured Vietcap IQ and/or HOSE universe dry-run files
L40,HNX,vietcap_iq:exchange_listings.csv:20260604T101513Z|vietcap_iq:symbol_universe.csv:20260604T101513Z,high,source-backed exchange metadata from captured Vietcap IQ and/or HOSE universe dry-run files
L43,UPCOM,vietcap_iq:exchange_listings.csv:20260604T101513Z|vietcap_iq:symbol_universe.csv:20260604T101513Z,high,source-backed exchange metadata from captured Vietcap IQ and/or HOSE universe dry-run files
L45,UPCOM,vietcap_iq:exchange_listings.csv:20260604T101513Z|vietcap_iq:symbol_universe.csv:20260604T101513Z,high,source-backed exchange metadata from captured Vietcap IQ and/or HOSE universe dry-run files
L61,UPCOM,vietcap_iq:exchange_listings.csv:20260604T101513Z|vietcap_iq:symbol_universe.csv:20260604T101513Z,high,source-backed exchange metadata from captured Vietcap IQ and/or HOSE universe dry-run files
L62,UPCOM,vietcap_iq:exchange_listings.csv:20260604T101513Z|vietcap_iq:symbol_universe.csv:20260604T101513Z,high,source-backed exchange metadata from captured Vietcap IQ and/or HOSE universe dry-run files
L63,UPCOM,vietcap_iq:exchange_listings.csv:20260604T101513Z|vietcap_iq:symbol_universe.csv:20260604T101513Z,high,source-backed exchange metadata from captured Vietcap IQ and/or HOSE universe dry-run files
LAF,HOSE,hose:exchange_listings.csv:20260603T080254Z|hose:symbol_universe.csv:20260603T080254Z|vietcap_iq:exchange_listings.csv:20260604T101513Z|vietcap_iq:symbol_universe.csv:20260604T101513Z,high,source-backed exchange metadata from captured Vietcap IQ and/or HOSE universe dry-run files
LAI,UPCOM,vietcap_iq:exchange_listings.csv:20260604T101513Z|vietcap_iq:symbol_universe.csv:20260604T101513Z,high,source-backed exchange metadata from captured Vietcap IQ and/or HOSE universe dry-run files
LAS,HNX,vietcap_iq:exchange_listings.csv:20260604T101513Z|vietcap_iq:symbol_universe.csv:20260604T101513Z,high,source-backed exchange metadata from captured Vietcap IQ and/or HOSE universe dry-run files
LAW,UPCOM,vietcap_iq:exchange_listings.csv:20260604T101513Z|vietcap_iq:symbol_universe.csv:20260604T101513Z,high,source-backed exchange metadata from captured Vietcap IQ and/or HOSE universe dry-run files
LBE,HNX,vietcap_iq:exchange_listings.csv:20260604T101513Z|vietcap_iq:symbol_universe.csv:20260604T101513Z,high,source-backed exchange metadata from captured Vietcap IQ and/or HOSE universe dry-run files
LBM,HOSE,hose:exchange_listings.csv:20260603T080254Z|hose:symbol_universe.csv:20260603T080254Z|vietcap_iq:exchange_listings.csv:20260604T101513Z|vietcap_iq:symbol_universe.csv:20260604T101513Z,high,source-backed exchange metadata from captured Vietcap IQ and/or HOSE universe dry-run files
LCD,HNX,vietcap_iq:exchange_listings.csv:20260604T101513Z|vietcap_iq:symbol_universe.csv:20260604T101513Z,high,source-backed exchange metadata from captured Vietcap IQ and/or HOSE universe dry-run files
LCG,HOSE,hose:exchange_listings.csv:20260603T080254Z|hose:symbol_universe.csv:20260603T080254Z|vietcap_iq:exchange_listings.csv:20260604T101513Z|vietcap_iq:symbol_universe.csv:20260604T101513Z,high,source-backed exchange metadata from captured Vietcap IQ and/or HOSE universe dry-run files
LCM,UPCOM,vietcap_iq:exchange_listings.csv:20260604T101513Z|vietcap_iq:symbol_universe.csv:20260604T101513Z,high,source-backed exchange metadata from captured Vietcap IQ and/or HOSE universe dry-run files
LDG,HOSE,hose:exchange_listings.csv:20260603T080254Z|hose:symbol_universe.csv:20260603T080254Z|vietcap_iq:exchange_listings.csv:20260604T101513Z|vietcap_iq:symbol_universe.csv:20260604T101513Z,high,source-backed exchange metadata from captured Vietcap IQ and/or HOSE universe dry-run files
LDP,HNX,vietcap_iq:exchange_listings.csv:20260604T101513Z|vietcap_iq:symbol_universe.csv:20260604T101513Z,high,source-backed exchange metadata from captured Vietcap IQ and/or HOSE universe dry-run files
LDW,UPCOM,vietcap_iq:exchange_listings.csv:20260604T101513Z|vietcap_iq:symbol_universe.csv:20260604T101513Z,high,source-backed exchange metadata from captured Vietcap IQ and/or HOSE universe dry-run files
LEC,UPCOM,vietcap_iq:exchange_listings.csv:20260604T101513Z|vietcap_iq:symbol_universe.csv:20260604T101513Z,high,source-backed exchange metadata from captured Vietcap IQ and/or HOSE universe dry-run files
LG9,UPCOM,vietcap_iq:exchange_listings.csv:20260604T101513Z|vietcap_iq:symbol_universe.csv:20260604T101513Z,high,source-backed exchange metadata from captured Vietcap IQ and/or HOSE universe dry-run files
LGC,HOSE,hose:exchange_listings.csv:20260603T080254Z|hose:symbol_universe.csv:20260603T080254Z|vietcap_iq:exchange_listings.csv:20260604T101513Z|vietcap_iq:symbol_universe.csv:20260604T101513Z,high,source-backed exchange metadata from captured Vietcap IQ and/or HOSE universe dry-run files
LGL,HOSE,hose:exchange_listings.csv:20260603T080254Z|hose:symbol_universe.csv:20260603T080254Z|vietcap_iq:exchange_listings.csv:20260604T101513Z|vietcap_iq:symbol_universe.csv:20260604T101513Z,high,source-backed exchange metadata from captured Vietcap IQ and/or HOSE universe dry-run files
LHC,HNX,vietcap_iq:exchange_listings.csv:20260604T101513Z|vietcap_iq:symbol_universe.csv:20260604T101513Z,high,source-backed exchange metadata from captured Vietcap IQ and/or HOSE universe dry-run files
LHG,HOSE,hose:exchange_listings.csv:20260603T080254Z|hose:symbol_universe.csv:20260603T080254Z|vietcap_iq:exchange_listings.csv:20260604T101513Z|vietcap_iq:symbol_universe.csv:20260604T101513Z,high,source-backed exchange metadata from captured Vietcap IQ and/or HOSE universe dry-run files
LIC,UPCOM,vietcap_iq:exchange_listings.csv:20260604T101513Z|vietcap_iq:symbol_universe.csv:20260604T101513Z,high,source-backed exchange metadata from captured Vietcap IQ and/or HOSE universe dry-run files
LIG,HNX,vietcap_iq:exchange_listings.csv:20260604T101513Z|vietcap_iq:symbol_universe.csv:20260604T101513Z,high,source-backed exchange metadata from captured Vietcap IQ and/or HOSE universe dry-run files
LIX,HOSE,hose:exchange_listings.csv:20260603T080254Z|hose:symbol_universe.csv:20260603T080254Z|vietcap_iq:exchange_listings.csv:20260604T101513Z|vietcap_iq:symbol_universe.csv:20260604T101513Z,high,source-backed exchange metadata from captured Vietcap IQ and/or HOSE universe dry-run files
LKW,UPCOM,vietcap_iq:exchange_listings.csv:20260604T101513Z|vietcap_iq:symbol_universe.csv:20260604T101513Z,high,source-backed exchange metadata from captured Vietcap IQ and/or HOSE universe dry-run files
LLM,UPCOM,vietcap_iq:exchange_listings.csv:20260604T101513Z|vietcap_iq:symbol_universe.csv:20260604T101513Z,high,source-backed exchange metadata from captured Vietcap IQ and/or HOSE universe dry-run files
LM3,UPCOM,vietcap_iq:exchange_listings.csv:20260604T101513Z|vietcap_iq:symbol_universe.csv:20260604T101513Z,high,source-backed exchange metadata from captured Vietcap IQ and/or HOSE universe dry-run files
LM7,UPCOM,vietcap_iq:exchange_listings.csv:20260604T101513Z|vietcap_iq:symbol_universe.csv:20260604T101513Z,high,source-backed exchange metadata from captured Vietcap IQ and/or HOSE universe dry-run files
LM8,HOSE,hose:exchange_listings.csv:20260603T080254Z|hose:symbol_universe.csv:20260603T080254Z|vietcap_iq:exchange_listings.csv:20260604T101513Z|vietcap_iq:symbol_universe.csv:20260604T101513Z,high,source-backed exchange metadata from captured Vietcap IQ and/or HOSE universe dry-run files
LMC,UPCOM,vietcap_iq:exchange_listings.csv:20260604T101513Z|vietcap_iq:symbol_universe.csv:20260604T101513Z,high,source-backed exchange metadata from captured Vietcap IQ and/or HOSE universe dry-run files
LMH,UPCOM,vietcap_iq:exchange_listings.csv:20260604T101513Z|vietcap_iq:symbol_universe.csv:20260604T101513Z,high,source-backed exchange metadata from captured Vietcap IQ and/or HOSE universe dry-run files
LMI,UPCOM,vietcap_iq:exchange_listings.csv:20260604T101513Z|vietcap_iq:symbol_universe.csv:20260604T101513Z,high,source-backed exchange metadata from captured Vietcap IQ and/or HOSE universe dry-run files
LNC,UPCOM,vietcap_iq:exchange_listings.csv:20260604T101513Z|vietcap_iq:symbol_universe.csv:20260604T101513Z,high,source-backed exchange metadata from captured Vietcap IQ and/or HOSE universe dry-run files
LO5,UPCOM,vietcap_iq:exchange_listings.csv:20260604T101513Z|vietcap_iq:symbol_universe.csv:20260604T101513Z,high,source-backed exchange metadata from captured Vietcap IQ and/or HOSE universe dry-run files
LPB,HOSE,hose:exchange_listings.csv:20260603T080254Z|hose:symbol_universe.csv:20260603T080254Z|vietcap_iq:exchange_listings.csv:20260604T101513Z|vietcap_iq:symbol_universe.csv:20260604T101513Z,high,source-backed exchange metadata from captured Vietcap IQ and/or HOSE universe dry-run files
LPT,UPCOM,vietcap_iq:exchange_listings.csv:20260604T101513Z|vietcap_iq:symbol_universe.csv:20260604T101513Z,high,source-backed exchange metadata from captured Vietcap IQ and/or HOSE universe dry-run files
LQN,UPCOM,vietcap_iq:exchange_listings.csv:20260604T101513Z|vietcap_iq:symbol_universe.csv:20260604T101513Z,high,source-backed exchange metadata from captured Vietcap IQ and/or HOSE universe dry-run files
LSG,UPCOM,vietcap_iq:exchange_listings.csv:20260604T101513Z|vietcap_iq:symbol_universe.csv:20260604T101513Z,high,source-backed exchange metadata from captured Vietcap IQ and/or HOSE universe dry-run files
LSS,HOSE,hose:exchange_listings.csv:20260603T080254Z|hose:symbol_universe.csv:20260603T080254Z|vietcap_iq:exchange_listings.csv:20260604T101513Z|vietcap_iq:symbol_universe.csv:20260604T101513Z,high,source-backed exchange metadata from captured Vietcap IQ and/or HOSE universe dry-run files
LTC,UPCOM,vietcap_iq:exchange_listings.csv:20260604T101513Z|vietcap_iq:symbol_universe.csv:20260604T101513Z,high,source-backed exchange metadata from captured Vietcap IQ and/or HOSE universe dry-run files
LTG,UPCOM,vietcap_iq:exchange_listings.csv:20260604T101513Z|vietcap_iq:symbol_universe.csv:20260604T101513Z,high,source-backed exchange metadata from captured Vietcap IQ and/or HOSE universe dry-run files
LUT,UPCOM,vietcap_iq:exchange_listings.csv:20260604T101513Z|vietcap_iq:symbol_universe.csv:20260604T101513Z,high,source-backed exchange metadata from captured Vietcap IQ and/or HOSE universe dry-run files
M10,UPCOM,vietcap_iq:exchange_listings.csv:20260604T101513Z|vietcap_iq:symbol_universe.csv:20260604T101513Z,high,source-backed exchange metadata from captured Vietcap IQ and/or HOSE universe dry-run files
MA1,UPCOM,vietcap_iq:exchange_listings.csv:20260604T101513Z|vietcap_iq:symbol_universe.csv:20260604T101513Z,high,source-backed exchange metadata from captured Vietcap IQ and/or HOSE universe dry-run files
MAC,HNX,vietcap_iq:exchange_listings.csv:20260604T101513Z|vietcap_iq:symbol_universe.csv:20260604T101513Z,high,source-backed exchange metadata from captured Vietcap IQ and/or HOSE universe dry-run files
MAS,HNX,vietcap_iq:exchange_listings.csv:20260604T101513Z|vietcap_iq:symbol_universe.csv:20260604T101513Z,high,source-backed exchange metadata from captured Vietcap IQ and/or HOSE universe dry-run files
MBB,HOSE,hose:exchange_listings.csv:20260603T080254Z|hose:symbol_universe.csv:20260603T080254Z|vietcap_iq:exchange_listings.csv:20260604T101513Z|vietcap_iq:symbol_universe.csv:20260604T101513Z,high,source-backed exchange metadata from captured Vietcap IQ and/or HOSE universe dry-run files
MBG,HNX,vietcap_iq:exchange_listings.csv:20260604T101513Z|vietcap_iq:symbol_universe.csv:20260604T101513Z,high,source-backed exchange metadata from captured Vietcap IQ and/or HOSE universe dry-run files
MBN,UPCOM,vietcap_iq:exchange_listings.csv:20260604T101513Z|vietcap_iq:symbol_universe.csv:20260604T101513Z,high,source-backed exchange metadata from captured Vietcap IQ and/or HOSE universe dry-run files
MBS,HNX,vietcap_iq:exchange_listings.csv:20260604T101513Z|vietcap_iq:symbol_universe.csv:20260604T101513Z,high,source-backed exchange metadata from captured Vietcap IQ and/or HOSE universe dry-run files
MBT,UPCOM,vietcap_iq:exchange_listings.csv:20260604T101513Z|vietcap_iq:symbol_universe.csv:20260604T101513Z,high,source-backed exchange metadata from captured Vietcap IQ and/or HOSE universe dry-run files
MCC,HNX,vietcap_iq:exchange_listings.csv:20260604T101513Z|vietcap_iq:symbol_universe.csv:20260604T101513Z,high,source-backed exchange metadata from captured Vietcap IQ and/or HOSE universe dry-run files
MCF,HNX,vietcap_iq:exchange_listings.csv:20260604T101513Z|vietcap_iq:symbol_universe.csv:20260604T101513Z,high,source-backed exchange metadata from captured Vietcap IQ and/or HOSE universe dry-run files
MCG,UPCOM,vietcap_iq:exchange_listings.csv:20260604T101513Z|vietcap_iq:symbol_universe.csv:20260604T101513Z,high,source-backed exchange metadata from captured Vietcap IQ and/or HOSE universe dry-run files
MCH,HOSE,hose:exchange_listings.csv:20260603T080254Z|hose:symbol_universe.csv:20260603T080254Z|vietcap_iq:exchange_listings.csv:20260604T101513Z|vietcap_iq:symbol_universe.csv:20260604T101513Z,high,source-backed exchange metadata from captured Vietcap IQ and/or HOSE universe dry-run files
MCM,HOSE,hose:exchange_listings.csv:20260603T080254Z|hose:symbol_universe.csv:20260603T080254Z|vietcap_iq:exchange_listings.csv:20260604T101513Z|vietcap_iq:symbol_universe.csv:20260604T101513Z,high,source-backed exchange metadata from captured Vietcap IQ and/or HOSE universe dry-run files
MCO,HNX,vietcap_iq:exchange_listings.csv:20260604T101513Z|vietcap_iq:symbol_universe.csv:20260604T101513Z,high,source-backed exchange metadata from captured Vietcap IQ and/or HOSE universe dry-run files
MCP,HOSE,hose:exchange_listings.csv:20260603T080254Z|hose:symbol_universe.csv:20260603T080254Z|vietcap_iq:exchange_listings.csv:20260604T101513Z|vietcap_iq:symbol_universe.csv:20260604T101513Z,high,source-backed exchange metadata from captured Vietcap IQ and/or HOSE universe dry-run files
MDA,UPCOM,vietcap_iq:exchange_listings.csv:20260604T101513Z|vietcap_iq:symbol_universe.csv:20260604T101513Z,high,source-backed exchange metadata from captured Vietcap IQ and/or HOSE universe dry-run files
MDC,HNX,vietcap_iq:exchange_listings.csv:20260604T101513Z|vietcap_iq:symbol_universe.csv:20260604T101513Z,high,source-backed exchange metadata from captured Vietcap IQ and/or HOSE universe dry-run files
MDF,UPCOM,vietcap_iq:exchange_listings.csv:20260604T101513Z|vietcap_iq:symbol_universe.csv:20260604T101513Z,high,source-backed exchange metadata from captured Vietcap IQ and/or HOSE universe dry-run files
MDG,HOSE,hose:exchange_listings.csv:20260603T080254Z|hose:symbol_universe.csv:20260603T080254Z|vietcap_iq:exchange_listings.csv:20260604T101513Z|vietcap_iq:symbol_universe.csv:20260604T101513Z,high,source-backed exchange metadata from captured Vietcap IQ and/or HOSE universe dry-run files
MEC,UPCOM,vietcap_iq:exchange_listings.csv:20260604T101513Z|vietcap_iq:symbol_universe.csv:20260604T101513Z,high,source-backed exchange metadata from captured Vietcap IQ and/or HOSE universe dry-run files
MED,HNX,vietcap_iq:exchange_listings.csv:20260604T101513Z|vietcap_iq:symbol_universe.csv:20260604T101513Z,high,source-backed exchange metadata from captured Vietcap IQ and/or HOSE universe dry-run files
MEF,UPCOM,vietcap_iq:exchange_listings.csv:20260604T101513Z|vietcap_iq:symbol_universe.csv:20260604T101513Z,high,source-backed exchange metadata from captured Vietcap IQ and/or HOSE universe dry-run files
MEL,HNX,vietcap_iq:exchange_listings.csv:20260604T101513Z|vietcap_iq:symbol_universe.csv:20260604T101513Z,high,source-backed exchange metadata from captured Vietcap IQ and/or HOSE universe dry-run files
MES,UPCOM,vietcap_iq:exchange_listings.csv:20260604T101513Z|vietcap_iq:symbol_universe.csv:20260604T101513Z,high,source-backed exchange metadata from captured Vietcap IQ and/or HOSE universe dry-run files
MFS,UPCOM,vietcap_iq:exchange_listings.csv:20260604T101513Z|vietcap_iq:symbol_universe.csv:20260604T101513Z,high,source-backed exchange metadata from captured Vietcap IQ and/or HOSE universe dry-run files
MGC,UPCOM,vietcap_iq:exchange_listings.csv:20260604T101513Z|vietcap_iq:symbol_universe.csv:20260604T101513Z,high,source-backed exchange metadata from captured Vietcap IQ and/or HOSE universe dry-run files
MGG,UPCOM,vietcap_iq:exchange_listings.csv:20260604T101513Z|vietcap_iq:symbol_universe.csv:20260604T101513Z,high,source-backed exchange metadata from captured Vietcap IQ and/or HOSE universe dry-run files
MGR,UPCOM,vietcap_iq:exchange_listings.csv:20260604T101513Z|vietcap_iq:symbol_universe.csv:20260604T101513Z,high,source-backed exchange metadata from captured Vietcap IQ and/or HOSE universe dry-run files
MH3,UPCOM,vietcap_iq:exchange_listings.csv:20260604T101513Z|vietcap_iq:symbol_universe.csv:20260604T101513Z,high,source-backed exchange metadata from captured Vietcap IQ and/or HOSE universe dry-run files
MHC,HOSE,hose:exchange_listings.csv:20260603T080254Z|hose:symbol_universe.csv:20260603T080254Z|vietcap_iq:exchange_listings.csv:20260604T101513Z|vietcap_iq:symbol_universe.csv:20260604T101513Z,high,source-backed exchange metadata from captured Vietcap IQ and/or HOSE universe dry-run files
MHL,UPCOM,vietcap_iq:exchange_listings.csv:20260604T101513Z|vietcap_iq:symbol_universe.csv:20260604T101513Z,high,source-backed exchange metadata from captured Vietcap IQ and/or HOSE universe dry-run files
MIC,HNX,vietcap_iq:exchange_listings.csv:20260604T101513Z|vietcap_iq:symbol_universe.csv:20260604T101513Z,high,source-backed exchange metadata from captured Vietcap IQ and/or HOSE universe dry-run files
MIE,UPCOM,vietcap_iq:exchange_listings.csv:20260604T101513Z|vietcap_iq:symbol_universe.csv:20260604T101513Z,high,source-backed exchange metadata from captured Vietcap IQ and/or HOSE universe dry-run files
MIG,HOSE,hose:exchange_listings.csv:20260603T080254Z|hose:symbol_universe.csv:20260603T080254Z|vietcap_iq:exchange_listings.csv:20260604T101513Z|vietcap_iq:symbol_universe.csv:20260604T101513Z,high,source-backed exchange metadata from captured Vietcap IQ and/or HOSE universe dry-run files
MKP,UPCOM,vietcap_iq:exchange_listings.csv:20260604T101513Z|vietcap_iq:symbol_universe.csv:20260604T101513Z,high,source-backed exchange metadata from captured Vietcap IQ and/or HOSE universe dry-run files
MKV,HNX,vietcap_iq:exchange_listings.csv:20260604T101513Z|vietcap_iq:symbol_universe.csv:20260604T101513Z,high,source-backed exchange metadata from captured Vietcap IQ and/or HOSE universe dry-run files
MLC,UPCOM,vietcap_iq:exchange_listings.csv:20260604T101513Z|vietcap_iq:symbol_universe.csv:20260604T101513Z,high,source-backed exchange metadata from captured Vietcap IQ and/or HOSE universe dry-run files
MLS,UPCOM,vietcap_iq:exchange_listings.csv:20260604T101513Z|vietcap_iq:symbol_universe.csv:20260604T101513Z,high,source-backed exchange metadata from captured Vietcap IQ and/or HOSE universe dry-run files
MML,UPCOM,vietcap_iq:exchange_listings.csv:20260604T101513Z|vietcap_iq:symbol_universe.csv:20260604T101513Z,high,source-backed exchange metadata from captured Vietcap IQ and/or HOSE universe dry-run files
MNB,UPCOM,vietcap_iq:exchange_listings.csv:20260604T101513Z|vietcap_iq:symbol_universe.csv:20260604T101513Z,high,source-backed exchange metadata from captured Vietcap IQ and/or HOSE universe dry-run files
MND,UPCOM,vietcap_iq:exchange_listings.csv:20260604T101513Z|vietcap_iq:symbol_universe.csv:20260604T101513Z,high,source-backed exchange metadata from captured Vietcap IQ and/or HOSE universe dry-run files
MPC,UPCOM,vietcap_iq:exchange_listings.csv:20260604T101513Z|vietcap_iq:symbol_universe.csv:20260604T101513Z,high,source-backed exchange metadata from captured Vietcap IQ and/or HOSE universe dry-run files
MPT,UPCOM,vietcap_iq:exchange_listings.csv:20260604T101513Z|vietcap_iq:symbol_universe.csv:20260604T101513Z,high,source-backed exchange metadata from captured Vietcap IQ and/or HOSE universe dry-run files
MPY,UPCOM,vietcap_iq:exchange_listings.csv:20260604T101513Z|vietcap_iq:symbol_universe.csv:20260604T101513Z,high,source-backed exchange metadata from captured Vietcap IQ and/or HOSE universe dry-run files
MQB,UPCOM,vietcap_iq:exchange_listings.csv:20260604T101513Z|vietcap_iq:symbol_universe.csv:20260604T101513Z,high,source-backed exchange metadata from captured Vietcap IQ and/or HOSE universe dry-run files
MQN,UPCOM,vietcap_iq:exchange_listings.csv:20260604T101513Z|vietcap_iq:symbol_universe.csv:20260604T101513Z,high,source-backed exchange metadata from captured Vietcap IQ and/or HOSE universe dry-run files
MRF,UPCOM,vietcap_iq:exchange_listings.csv:20260604T101513Z|vietcap_iq:symbol_universe.csv:20260604T101513Z,high,source-backed exchange metadata from captured Vietcap IQ and/or HOSE universe dry-run files
MSB,HOSE,hose:exchange_listings.csv:20260603T080254Z|hose:symbol_universe.csv:20260603T080254Z|vietcap_iq:exchange_listings.csv:20260604T101513Z|vietcap_iq:symbol_universe.csv:20260604T101513Z,high,source-backed exchange metadata from captured Vietcap IQ and/or HOSE universe dry-run files
MSH,HOSE,hose:exchange_listings.csv:20260603T080254Z|hose:symbol_universe.csv:20260603T080254Z|vietcap_iq:exchange_listings.csv:20260604T101513Z|vietcap_iq:symbol_universe.csv:20260604T101513Z,high,source-backed exchange metadata from captured Vietcap IQ and/or HOSE universe dry-run files
MSN,HOSE,hose:exchange_listings.csv:20260603T080254Z|hose:symbol_universe.csv:20260603T080254Z|vietcap_iq:exchange_listings.csv:20260604T101513Z|vietcap_iq:symbol_universe.csv:20260604T101513Z,high,source-backed exchange metadata from captured Vietcap IQ and/or HOSE universe dry-run files
MSR,UPCOM,vietcap_iq:exchange_listings.csv:20260604T101513Z|vietcap_iq:symbol_universe.csv:20260604T101513Z,high,source-backed exchange metadata from captured Vietcap IQ and/or HOSE universe dry-run files
MST,HNX,vietcap_iq:exchange_listings.csv:20260604T101513Z|vietcap_iq:symbol_universe.csv:20260604T101513Z,high,source-backed exchange metadata from captured Vietcap IQ and/or HOSE universe dry-run files
MTA,UPCOM,vietcap_iq:exchange_listings.csv:20260604T101513Z|vietcap_iq:symbol_universe.csv:20260604T101513Z,high,source-backed exchange metadata from captured Vietcap IQ and/or HOSE universe dry-run files
MTB,UPCOM,vietcap_iq:exchange_listings.csv:20260604T101513Z|vietcap_iq:symbol_universe.csv:20260604T101513Z,high,source-backed exchange metadata from captured Vietcap IQ and/or HOSE universe dry-run files
MTG,UPCOM,vietcap_iq:exchange_listings.csv:20260604T101513Z|vietcap_iq:symbol_universe.csv:20260604T101513Z,high,source-backed exchange metadata from captured Vietcap IQ and/or HOSE universe dry-run files
MTH,UPCOM,vietcap_iq:exchange_listings.csv:20260604T101513Z|vietcap_iq:symbol_universe.csv:20260604T101513Z,high,source-backed exchange metadata from captured Vietcap IQ and/or HOSE universe dry-run files
MTL,UPCOM,vietcap_iq:exchange_listings.csv:20260604T101513Z|vietcap_iq:symbol_universe.csv:20260604T101513Z,high,source-backed exchange metadata from captured Vietcap IQ and/or HOSE universe dry-run files
MTP,UPCOM,vietcap_iq:exchange_listings.csv:20260604T101513Z|vietcap_iq:symbol_universe.csv:20260604T101513Z,high,source-backed exchange metadata from captured Vietcap IQ and/or HOSE universe dry-run files
MTS,UPCOM,vietcap_iq:exchange_listings.csv:20260604T101513Z|vietcap_iq:symbol_universe.csv:20260604T101513Z,high,source-backed exchange metadata from captured Vietcap IQ and/or HOSE universe dry-run files
MTV,UPCOM,vietcap_iq:exchange_listings.csv:20260604T101513Z|vietcap_iq:symbol_universe.csv:20260604T101513Z,high,source-backed exchange metadata from captured Vietcap IQ and/or HOSE universe dry-run files
MVB,HNX,vietcap_iq:exchange_listings.csv:20260604T101513Z|vietcap_iq:symbol_universe.csv:20260604T101513Z,high,source-backed exchange metadata from captured Vietcap IQ and/or HOSE universe dry-run files
MVC,UPCOM,vietcap_iq:exchange_listings.csv:20260604T101513Z|vietcap_iq:symbol_universe.csv:20260604T101513Z,high,source-backed exchange metadata from captured Vietcap IQ and/or HOSE universe dry-run files
MVN,UPCOM,vietcap_iq:exchange_listings.csv:20260604T101513Z|vietcap_iq:symbol_universe.csv:20260604T101513Z,high,source-backed exchange metadata from captured Vietcap IQ and/or HOSE universe dry-run files
MWG,HOSE,hose:exchange_listings.csv:20260603T080254Z|hose:symbol_universe.csv:20260603T080254Z|vietcap_iq:exchange_listings.csv:20260604T101513Z|vietcap_iq:symbol_universe.csv:20260604T101513Z,high,source-backed exchange metadata from captured Vietcap IQ and/or HOSE universe dry-run files
MZG,UPCOM,vietcap_iq:exchange_listings.csv:20260604T101513Z|vietcap_iq:symbol_universe.csv:20260604T101513Z,high,source-backed exchange metadata from captured Vietcap IQ and/or HOSE universe dry-run files
NAB,HOSE,hose:exchange_listings.csv:20260603T080254Z|hose:symbol_universe.csv:20260603T080254Z|vietcap_iq:exchange_listings.csv:20260604T101513Z|vietcap_iq:symbol_universe.csv:20260604T101513Z,high,source-backed exchange metadata from captured Vietcap IQ and/or HOSE universe dry-run files
NAC,UPCOM,vietcap_iq:exchange_listings.csv:20260604T101513Z|vietcap_iq:symbol_universe.csv:20260604T101513Z,high,source-backed exchange metadata from captured Vietcap IQ and/or HOSE universe dry-run files
NAF,HOSE,hose:exchange_listings.csv:20260603T080254Z|hose:symbol_universe.csv:20260603T080254Z|vietcap_iq:exchange_listings.csv:20260604T101513Z|vietcap_iq:symbol_universe.csv:20260604T101513Z,high,source-backed exchange metadata from captured Vietcap IQ and/or HOSE universe dry-run files
NAG,HNX,vietcap_iq:exchange_listings.csv:20260604T101513Z|vietcap_iq:symbol_universe.csv:20260604T101513Z,high,source-backed exchange metadata from captured Vietcap IQ and/or HOSE universe dry-run files
NAP,HNX,vietcap_iq:exchange_listings.csv:20260604T101513Z|vietcap_iq:symbol_universe.csv:20260604T101513Z,high,source-backed exchange metadata from captured Vietcap IQ and/or HOSE universe dry-run files
NAS,UPCOM,vietcap_iq:exchange_listings.csv:20260604T101513Z|vietcap_iq:symbol_universe.csv:20260604T101513Z,high,source-backed exchange metadata from captured Vietcap IQ and/or HOSE universe dry-run files
NAU,UPCOM,vietcap_iq:exchange_listings.csv:20260604T101513Z|vietcap_iq:symbol_universe.csv:20260604T101513Z,high,source-backed exchange metadata from captured Vietcap IQ and/or HOSE universe dry-run files
NAV,HOSE,hose:exchange_listings.csv:20260603T080254Z|hose:symbol_universe.csv:20260603T080254Z|vietcap_iq:exchange_listings.csv:20260604T101513Z|vietcap_iq:symbol_universe.csv:20260604T101513Z,high,source-backed exchange metadata from captured Vietcap IQ and/or HOSE universe dry-run files
NAW,UPCOM,vietcap_iq:exchange_listings.csv:20260604T101513Z|vietcap_iq:symbol_universe.csv:20260604T101513Z,high,source-backed exchange metadata from captured Vietcap IQ and/or HOSE universe dry-run files
NBB,HOSE,hose:exchange_listings.csv:20260603T080254Z|hose:symbol_universe.csv:20260603T080254Z|vietcap_iq:exchange_listings.csv:20260604T101513Z|vietcap_iq:symbol_universe.csv:20260604T101513Z,high,source-backed exchange metadata from captured Vietcap IQ and/or HOSE universe dry-run files
NBC,HNX,vietcap_iq:exchange_listings.csv:20260604T101513Z|vietcap_iq:symbol_universe.csv:20260604T101513Z,high,source-backed exchange metadata from captured Vietcap IQ and/or HOSE universe dry-run files
NBE,UPCOM,vietcap_iq:exchange_listings.csv:20260604T101513Z|vietcap_iq:symbol_universe.csv:20260604T101513Z,high,source-backed exchange metadata from captured Vietcap IQ and/or HOSE universe dry-run files
NBP,HNX,vietcap_iq:exchange_listings.csv:20260604T101513Z|vietcap_iq:symbol_universe.csv:20260604T101513Z,high,source-backed exchange metadata from captured Vietcap IQ and/or HOSE universe dry-run files
NBT,UPCOM,vietcap_iq:exchange_listings.csv:20260604T101513Z|vietcap_iq:symbol_universe.csv:20260604T101513Z,high,source-backed exchange metadata from captured Vietcap IQ and/or HOSE universe dry-run files
NBW,HNX,vietcap_iq:exchange_listings.csv:20260604T101513Z|vietcap_iq:symbol_universe.csv:20260604T101513Z,high,source-backed exchange metadata from captured Vietcap IQ and/or HOSE universe dry-run files
NCG,UPCOM,vietcap_iq:exchange_listings.csv:20260604T101513Z|vietcap_iq:symbol_universe.csv:20260604T101513Z,high,source-backed exchange metadata from captured Vietcap IQ and/or HOSE universe dry-run files
NCS,UPCOM,vietcap_iq:exchange_listings.csv:20260604T101513Z|vietcap_iq:symbol_universe.csv:20260604T101513Z,high,source-backed exchange metadata from captured Vietcap IQ and/or HOSE universe dry-run files
NCT,HOSE,hose:exchange_listings.csv:20260603T080254Z|hose:symbol_universe.csv:20260603T080254Z|vietcap_iq:exchange_listings.csv:20260604T101513Z|vietcap_iq:symbol_universe.csv:20260604T101513Z,high,source-backed exchange metadata from captured Vietcap IQ and/or HOSE universe dry-run files
ND2,UPCOM,vietcap_iq:exchange_listings.csv:20260604T101513Z|vietcap_iq:symbol_universe.csv:20260604T101513Z,high,source-backed exchange metadata from captured Vietcap IQ and/or HOSE universe dry-run files
NDC,UPCOM,vietcap_iq:exchange_listings.csv:20260604T101513Z|vietcap_iq:symbol_universe.csv:20260604T101513Z,high,source-backed exchange metadata from captured Vietcap IQ and/or HOSE universe dry-run files
NDF,UPCOM,vietcap_iq:exchange_listings.csv:20260604T101513Z|vietcap_iq:symbol_universe.csv:20260604T101513Z,high,source-backed exchange metadata from captured Vietcap IQ and/or HOSE universe dry-run files
NDN,HNX,vietcap_iq:exchange_listings.csv:20260604T101513Z|vietcap_iq:symbol_universe.csv:20260604T101513Z,high,source-backed exchange metadata from captured Vietcap IQ and/or HOSE universe dry-run files
NDP,UPCOM,vietcap_iq:exchange_listings.csv:20260604T101513Z|vietcap_iq:symbol_universe.csv:20260604T101513Z,high,source-backed exchange metadata from captured Vietcap IQ and/or HOSE universe dry-run files
NDT,UPCOM,vietcap_iq:exchange_listings.csv:20260604T101513Z|vietcap_iq:symbol_universe.csv:20260604T101513Z,high,source-backed exchange metadata from captured Vietcap IQ and/or HOSE universe dry-run files
NDW,UPCOM,vietcap_iq:exchange_listings.csv:20260604T101513Z|vietcap_iq:symbol_universe.csv:20260604T101513Z,high,source-backed exchange metadata from captured Vietcap IQ and/or HOSE universe dry-run files
NDX,HNX,vietcap_iq:exchange_listings.csv:20260604T101513Z|vietcap_iq:symbol_universe.csv:20260604T101513Z,high,source-backed exchange metadata from captured Vietcap IQ and/or HOSE universe dry-run files
NED,UPCOM,vietcap_iq:exchange_listings.csv:20260604T101513Z|vietcap_iq:symbol_universe.csv:20260604T101513Z,high,source-backed exchange metadata from captured Vietcap IQ and/or HOSE universe dry-run files
NET,HNX,vietcap_iq:exchange_listings.csv:20260604T101513Z|vietcap_iq:symbol_universe.csv:20260604T101513Z,high,source-backed exchange metadata from captured Vietcap IQ and/or HOSE universe dry-run files
NFC,HNX,vietcap_iq:exchange_listings.csv:20260604T101513Z|vietcap_iq:symbol_universe.csv:20260604T101513Z,high,source-backed exchange metadata from captured Vietcap IQ and/or HOSE universe dry-run files
NGC,UPCOM,vietcap_iq:exchange_listings.csv:20260604T101513Z|vietcap_iq:symbol_universe.csv:20260604T101513Z,high,source-backed exchange metadata from captured Vietcap IQ and/or HOSE universe dry-run files
NHA,HOSE,hose:exchange_listings.csv:20260603T080254Z|hose:symbol_universe.csv:20260603T080254Z|vietcap_iq:exchange_listings.csv:20260604T101513Z|vietcap_iq:symbol_universe.csv:20260604T101513Z,high,source-backed exchange metadata from captured Vietcap IQ and/or HOSE universe dry-run files
NHC,HNX,vietcap_iq:exchange_listings.csv:20260604T101513Z|vietcap_iq:symbol_universe.csv:20260604T101513Z,high,source-backed exchange metadata from captured Vietcap IQ and/or HOSE universe dry-run files
NHD,UPCOM,vietcap_iq:exchange_listings.csv:20260604T101513Z|vietcap_iq:symbol_universe.csv:20260604T101513Z,high,source-backed exchange metadata from captured Vietcap IQ and/or HOSE universe dry-run files
NHH,HOSE,hose:exchange_listings.csv:20260603T080254Z|hose:symbol_universe.csv:20260603T080254Z|vietcap_iq:exchange_listings.csv:20260604T101513Z|vietcap_iq:symbol_universe.csv:20260604T101513Z,high,source-backed exchange metadata from captured Vietcap IQ and/or HOSE universe dry-run files
NHT,HOSE,hose:exchange_listings.csv:20260603T080254Z|hose:symbol_universe.csv:20260603T080254Z|vietcap_iq:exchange_listings.csv:20260604T101513Z|vietcap_iq:symbol_universe.csv:20260604T101513Z,high,source-backed exchange metadata from captured Vietcap IQ and/or HOSE universe dry-run files
NHV,UPCOM,vietcap_iq:exchange_listings.csv:20260604T101513Z|vietcap_iq:symbol_universe.csv:20260604T101513Z,high,source-backed exchange metadata from captured Vietcap IQ and/or HOSE universe dry-run files
NJC,UPCOM,vietcap_iq:exchange_listings.csv:20260604T101513Z|vietcap_iq:symbol_universe.csv:20260604T101513Z,high,source-backed exchange metadata from captured Vietcap IQ and/or HOSE universe dry-run files
NKG,HOSE,hose:exchange_listings.csv:20260603T080254Z|hose:symbol_universe.csv:20260603T080254Z|vietcap_iq:exchange_listings.csv:20260604T101513Z|vietcap_iq:symbol_universe.csv:20260604T101513Z,high,source-backed exchange metadata from captured Vietcap IQ and/or HOSE universe dry-run files
NLG,HOSE,hose:exchange_listings.csv:20260603T080254Z|hose:symbol_universe.csv:20260603T080254Z|vietcap_iq:exchange_listings.csv:20260604T101513Z|vietcap_iq:symbol_universe.csv:20260604T101513Z,high,source-backed exchange metadata from captured Vietcap IQ and/or HOSE universe dry-run files
NLS,UPCOM,vietcap_iq:exchange_listings.csv:20260604T101513Z|vietcap_iq:symbol_universe.csv:20260604T101513Z,high,source-backed exchange metadata from captured Vietcap IQ and/or HOSE universe dry-run files
NNC,HOSE,hose:exchange_listings.csv:20260603T080254Z|hose:symbol_universe.csv:20260603T080254Z|vietcap_iq:exchange_listings.csv:20260604T101513Z|vietcap_iq:symbol_universe.csv:20260604T101513Z,high,source-backed exchange metadata from captured Vietcap IQ and/or HOSE universe dry-run files
NNT,UPCOM,vietcap_iq:exchange_listings.csv:20260604T101513Z|vietcap_iq:symbol_universe.csv:20260604T101513Z,high,source-backed exchange metadata from captured Vietcap IQ and/or HOSE universe dry-run files
NO1,HOSE,hose:exchange_listings.csv:20260603T080254Z|hose:symbol_universe.csv:20260603T080254Z|vietcap_iq:exchange_listings.csv:20260604T101513Z|vietcap_iq:symbol_universe.csv:20260604T101513Z,high,source-backed exchange metadata from captured Vietcap IQ and/or HOSE universe dry-run files
NOS,UPCOM,vietcap_iq:exchange_listings.csv:20260604T101513Z|vietcap_iq:symbol_universe.csv:20260604T101513Z,high,source-backed exchange metadata from captured Vietcap IQ and/or HOSE universe dry-run files
NQB,UPCOM,vietcap_iq:exchange_listings.csv:20260604T101513Z|vietcap_iq:symbol_universe.csv:20260604T101513Z,high,source-backed exchange metadata from captured Vietcap IQ and/or HOSE universe dry-run files
NQN,UPCOM,vietcap_iq:exchange_listings.csv:20260604T101513Z|vietcap_iq:symbol_universe.csv:20260604T101513Z,high,source-backed exchange metadata from captured Vietcap IQ and/or HOSE universe dry-run files
NRC,HNX,vietcap_iq:exchange_listings.csv:20260604T101513Z|vietcap_iq:symbol_universe.csv:20260604T101513Z,high,source-backed exchange metadata from captured Vietcap IQ and/or HOSE universe dry-run files
NSC,HOSE,hose:exchange_listings.csv:20260603T080254Z|hose:symbol_universe.csv:20260603T080254Z|vietcap_iq:exchange_listings.csv:20260604T101513Z|vietcap_iq:symbol_universe.csv:20260604T101513Z,high,source-backed exchange metadata from captured Vietcap IQ and/or HOSE universe dry-run files
NSG,UPCOM,vietcap_iq:exchange_listings.csv:20260604T101513Z|vietcap_iq:symbol_universe.csv:20260604T101513Z,high,source-backed exchange metadata from captured Vietcap IQ and/or HOSE universe dry-run files
NSH,HNX,vietcap_iq:exchange_listings.csv:20260604T101513Z|vietcap_iq:symbol_universe.csv:20260604T101513Z,high,source-backed exchange metadata from captured Vietcap IQ and/or HOSE universe dry-run files
NSL,UPCOM,vietcap_iq:exchange_listings.csv:20260604T101513Z|vietcap_iq:symbol_universe.csv:20260604T101513Z,high,source-backed exchange metadata from captured Vietcap IQ and/or HOSE universe dry-run files
NSS,UPCOM,vietcap_iq:exchange_listings.csv:20260604T101513Z|vietcap_iq:symbol_universe.csv:20260604T101513Z,high,source-backed exchange metadata from captured Vietcap IQ and/or HOSE universe dry-run files
NST,HNX,vietcap_iq:exchange_listings.csv:20260604T101513Z|vietcap_iq:symbol_universe.csv:20260604T101513Z,high,source-backed exchange metadata from captured Vietcap IQ and/or HOSE universe dry-run files
NT2,HOSE,hose:exchange_listings.csv:20260603T080254Z|hose:symbol_universe.csv:20260603T080254Z|vietcap_iq:exchange_listings.csv:20260604T101513Z|vietcap_iq:symbol_universe.csv:20260604T101513Z,high,source-backed exchange metadata from captured Vietcap IQ and/or HOSE universe dry-run files
NTC,HOSE,hose:exchange_listings.csv:20260603T080254Z|hose:symbol_universe.csv:20260603T080254Z|vietcap_iq:exchange_listings.csv:20260604T101513Z|vietcap_iq:symbol_universe.csv:20260604T101513Z,high,source-backed exchange metadata from captured Vietcap IQ and/or HOSE universe dry-run files
NTF,UPCOM,vietcap_iq:exchange_listings.csv:20260604T101513Z|vietcap_iq:symbol_universe.csv:20260604T101513Z,high,source-backed exchange metadata from captured Vietcap IQ and/or HOSE universe dry-run files
NTH,HNX,vietcap_iq:exchange_listings.csv:20260604T101513Z|vietcap_iq:symbol_universe.csv:20260604T101513Z,high,source-backed exchange metadata from captured Vietcap IQ and/or HOSE universe dry-run files
NTL,HOSE,hose:exchange_listings.csv:20260603T080254Z|hose:symbol_universe.csv:20260603T080254Z|vietcap_iq:exchange_listings.csv:20260604T101513Z|vietcap_iq:symbol_universe.csv:20260604T101513Z,high,source-backed exchange metadata from captured Vietcap IQ and/or HOSE universe dry-run files
NTP,HNX,vietcap_iq:exchange_listings.csv:20260604T101513Z|vietcap_iq:symbol_universe.csv:20260604T101513Z,high,source-backed exchange metadata from captured Vietcap IQ and/or HOSE universe dry-run files
NTT,UPCOM,vietcap_iq:exchange_listings.csv:20260604T101513Z|vietcap_iq:symbol_universe.csv:20260604T101513Z,high,source-backed exchange metadata from captured Vietcap IQ and/or HOSE universe dry-run files
NTW,UPCOM,vietcap_iq:exchange_listings.csv:20260604T101513Z|vietcap_iq:symbol_universe.csv:20260604T101513Z,high,source-backed exchange metadata from captured Vietcap IQ and/or HOSE universe dry-run files
NUE,UPCOM,vietcap_iq:exchange_listings.csv:20260604T101513Z|vietcap_iq:symbol_universe.csv:20260604T101513Z,high,source-backed exchange metadata from captured Vietcap IQ and/or HOSE universe dry-run files
NVB,HNX,vietcap_iq:exchange_listings.csv:20260604T101513Z|vietcap_iq:symbol_universe.csv:20260604T101513Z,high,source-backed exchange metadata from captured Vietcap IQ and/or HOSE universe dry-run files
NVL,HOSE,hose:exchange_listings.csv:20260603T080254Z|hose:symbol_universe.csv:20260603T080254Z|vietcap_iq:exchange_listings.csv:20260604T101513Z|vietcap_iq:symbol_universe.csv:20260604T101513Z,high,source-backed exchange metadata from captured Vietcap IQ and/or HOSE universe dry-run files
NVP,UPCOM,vietcap_iq:exchange_listings.csv:20260604T101513Z|vietcap_iq:symbol_universe.csv:20260604T101513Z,high,source-backed exchange metadata from captured Vietcap IQ and/or HOSE universe dry-run files
NVT,HOSE,hose:exchange_listings.csv:20260603T080254Z|hose:symbol_universe.csv:20260603T080254Z|vietcap_iq:exchange_listings.csv:20260604T101513Z|vietcap_iq:symbol_universe.csv:20260604T101513Z,high,source-backed exchange metadata from captured Vietcap IQ and/or HOSE universe dry-run files
NWT,UPCOM,vietcap_iq:exchange_listings.csv:20260604T101513Z|vietcap_iq:symbol_universe.csv:20260604T101513Z,high,source-backed exchange metadata from captured Vietcap IQ and/or HOSE universe dry-run files
NXT,UPCOM,vietcap_iq:exchange_listings.csv:20260604T101513Z|vietcap_iq:symbol_universe.csv:20260604T101513Z,high,source-backed exchange metadata from captured Vietcap IQ and/or HOSE universe dry-run files
OCB,HOSE,hose:exchange_listings.csv:20260603T080254Z|hose:symbol_universe.csv:20260603T080254Z|vietcap_iq:exchange_listings.csv:20260604T101513Z|vietcap_iq:symbol_universe.csv:20260604T101513Z,high,source-backed exchange metadata from captured Vietcap IQ and/or HOSE universe dry-run files
OCH,HNX,vietcap_iq:exchange_listings.csv:20260604T101513Z|vietcap_iq:symbol_universe.csv:20260604T101513Z,high,source-backed exchange metadata from captured Vietcap IQ and/or HOSE universe dry-run files
ODE,UPCOM,vietcap_iq:exchange_listings.csv:20260604T101513Z|vietcap_iq:symbol_universe.csv:20260604T101513Z,high,source-backed exchange metadata from captured Vietcap IQ and/or HOSE universe dry-run files
OGC,HOSE,hose:exchange_listings.csv:20260603T080254Z|hose:symbol_universe.csv:20260603T080254Z|vietcap_iq:exchange_listings.csv:20260604T101513Z|vietcap_iq:symbol_universe.csv:20260604T101513Z,high,source-backed exchange metadata from captured Vietcap IQ and/or HOSE universe dry-run files
OIL,UPCOM,vietcap_iq:exchange_listings.csv:20260604T101513Z|vietcap_iq:symbol_universe.csv:20260604T101513Z,high,source-backed exchange metadata from captured Vietcap IQ and/or HOSE universe dry-run files
ONE,HNX,vietcap_iq:exchange_listings.csv:20260604T101513Z|vietcap_iq:symbol_universe.csv:20260604T101513Z,high,source-backed exchange metadata from captured Vietcap IQ and/or HOSE universe dry-run files
ONW,UPCOM,vietcap_iq:exchange_listings.csv:20260604T101513Z|vietcap_iq:symbol_universe.csv:20260604T101513Z,high,source-backed exchange metadata from captured Vietcap IQ and/or HOSE universe dry-run files
OPC,HOSE,hose:exchange_listings.csv:20260603T080254Z|hose:symbol_universe.csv:20260603T080254Z|vietcap_iq:exchange_listings.csv:20260604T101513Z|vietcap_iq:symbol_universe.csv:20260604T101513Z,high,source-backed exchange metadata from captured Vietcap IQ and/or HOSE universe dry-run files
ORS,HOSE,hose:exchange_listings.csv:20260603T080254Z|hose:symbol_universe.csv:20260603T080254Z|vietcap_iq:exchange_listings.csv:20260604T101513Z|vietcap_iq:symbol_universe.csv:20260604T101513Z,high,source-backed exchange metadata from captured Vietcap IQ and/or HOSE universe dry-run files
PAC,HOSE,hose:exchange_listings.csv:20260603T080254Z|hose:symbol_universe.csv:20260603T080254Z|vietcap_iq:exchange_listings.csv:20260604T101513Z|vietcap_iq:symbol_universe.csv:20260604T101513Z,high,source-backed exchange metadata from captured Vietcap IQ and/or HOSE universe dry-run files
PAI,UPCOM,vietcap_iq:exchange_listings.csv:20260604T101513Z|vietcap_iq:symbol_universe.csv:20260604T101513Z,high,source-backed exchange metadata from captured Vietcap IQ and/or HOSE universe dry-run files
PAN,HOSE,hose:exchange_listings.csv:20260603T080254Z|hose:symbol_universe.csv:20260603T080254Z|vietcap_iq:exchange_listings.csv:20260604T101513Z|vietcap_iq:symbol_universe.csv:20260604T101513Z,high,source-backed exchange metadata from captured Vietcap IQ and/or HOSE universe dry-run files
PAP,UPCOM,vietcap_iq:exchange_listings.csv:20260604T101513Z|vietcap_iq:symbol_universe.csv:20260604T101513Z,high,source-backed exchange metadata from captured Vietcap IQ and/or HOSE universe dry-run files
PAS,UPCOM,vietcap_iq:exchange_listings.csv:20260604T101513Z|vietcap_iq:symbol_universe.csv:20260604T101513Z,high,source-backed exchange metadata from captured Vietcap IQ and/or HOSE universe dry-run files
PAT,UPCOM,vietcap_iq:exchange_listings.csv:20260604T101513Z|vietcap_iq:symbol_universe.csv:20260604T101513Z,high,source-backed exchange metadata from captured Vietcap IQ and/or HOSE universe dry-run files
PBC,UPCOM,vietcap_iq:exchange_listings.csv:20260604T101513Z|vietcap_iq:symbol_universe.csv:20260604T101513Z,high,source-backed exchange metadata from captured Vietcap IQ and/or HOSE universe dry-run files
PBP,HNX,vietcap_iq:exchange_listings.csv:20260604T101513Z|vietcap_iq:symbol_universe.csv:20260604T101513Z,high,source-backed exchange metadata from captured Vietcap IQ and/or HOSE universe dry-run files
PBT,UPCOM,vietcap_iq:exchange_listings.csv:20260604T101513Z|vietcap_iq:symbol_universe.csv:20260604T101513Z,high,source-backed exchange metadata from captured Vietcap IQ and/or HOSE universe dry-run files
PC1,HOSE,hose:exchange_listings.csv:20260603T080254Z|hose:symbol_universe.csv:20260603T080254Z|vietcap_iq:exchange_listings.csv:20260604T101513Z|vietcap_iq:symbol_universe.csv:20260604T101513Z,high,source-backed exchange metadata from captured Vietcap IQ and/or HOSE universe dry-run files
PCC,UPCOM,vietcap_iq:exchange_listings.csv:20260604T101513Z|vietcap_iq:symbol_universe.csv:20260604T101513Z,high,source-backed exchange metadata from captured Vietcap IQ and/or HOSE universe dry-run files
PCE,HNX,vietcap_iq:exchange_listings.csv:20260604T101513Z|vietcap_iq:symbol_universe.csv:20260604T101513Z,high,source-backed exchange metadata from captured Vietcap IQ and/or HOSE universe dry-run files
PCF,UPCOM,vietcap_iq:exchange_listings.csv:20260604T101513Z|vietcap_iq:symbol_universe.csv:20260604T101513Z,high,source-backed exchange metadata from captured Vietcap IQ and/or HOSE universe dry-run files
PCG,UPCOM,vietcap_iq:exchange_listings.csv:20260604T101513Z|vietcap_iq:symbol_universe.csv:20260604T101513Z,high,source-backed exchange metadata from captured Vietcap IQ and/or HOSE universe dry-run files
PCH,HNX,vietcap_iq:exchange_listings.csv:20260604T101513Z|vietcap_iq:symbol_universe.csv:20260604T101513Z,high,source-backed exchange metadata from captured Vietcap IQ and/or HOSE universe dry-run files
PCM,UPCOM,vietcap_iq:exchange_listings.csv:20260604T101513Z|vietcap_iq:symbol_universe.csv:20260604T101513Z,high,source-backed exchange metadata from captured Vietcap IQ and/or HOSE universe dry-run files
PCT,HNX,vietcap_iq:exchange_listings.csv:20260604T101513Z|vietcap_iq:symbol_universe.csv:20260604T101513Z,high,source-backed exchange metadata from captured Vietcap IQ and/or HOSE universe dry-run files
PDB,HNX,vietcap_iq:exchange_listings.csv:20260604T101513Z|vietcap_iq:symbol_universe.csv:20260604T101513Z,high,source-backed exchange metadata from captured Vietcap IQ and/or HOSE universe dry-run files
PDC,UPCOM,vietcap_iq:exchange_listings.csv:20260604T101513Z|vietcap_iq:symbol_universe.csv:20260604T101513Z,high,source-backed exchange metadata from captured Vietcap IQ and/or HOSE universe dry-run files
PDN,HOSE,hose:exchange_listings.csv:20260603T080254Z|hose:symbol_universe.csv:20260603T080254Z|vietcap_iq:exchange_listings.csv:20260604T101513Z|vietcap_iq:symbol_universe.csv:20260604T101513Z,high,source-backed exchange metadata from captured Vietcap IQ and/or HOSE universe dry-run files
PDR,HOSE,hose:exchange_listings.csv:20260603T080254Z|hose:symbol_universe.csv:20260603T080254Z|vietcap_iq:exchange_listings.csv:20260604T101513Z|vietcap_iq:symbol_universe.csv:20260604T101513Z,high,source-backed exchange metadata from captured Vietcap IQ and/or HOSE universe dry-run files
PDV,HOSE,hose:exchange_listings.csv:20260603T080254Z|hose:symbol_universe.csv:20260603T080254Z|vietcap_iq:exchange_listings.csv:20260604T101513Z|vietcap_iq:symbol_universe.csv:20260604T101513Z,high,source-backed exchange metadata from captured Vietcap IQ and/or HOSE universe dry-run files
PEG,UPCOM,vietcap_iq:exchange_listings.csv:20260604T101513Z|vietcap_iq:symbol_universe.csv:20260604T101513Z,high,source-backed exchange metadata from captured Vietcap IQ and/or HOSE universe dry-run files
PEN,HNX,vietcap_iq:exchange_listings.csv:20260604T101513Z|vietcap_iq:symbol_universe.csv:20260604T101513Z,high,source-backed exchange metadata from captured Vietcap IQ and/or HOSE universe dry-run files
PEQ,UPCOM,vietcap_iq:exchange_listings.csv:20260604T101513Z|vietcap_iq:symbol_universe.csv:20260604T101513Z,high,source-backed exchange metadata from captured Vietcap IQ and/or HOSE universe dry-run files
PET,HOSE,hose:exchange_listings.csv:20260603T080254Z|hose:symbol_universe.csv:20260603T080254Z|vietcap_iq:exchange_listings.csv:20260604T101513Z|vietcap_iq:symbol_universe.csv:20260604T101513Z,high,source-backed exchange metadata from captured Vietcap IQ and/or HOSE universe dry-run files
PFL,UPCOM,vietcap_iq:exchange_listings.csv:20260604T101513Z|vietcap_iq:symbol_universe.csv:20260604T101513Z,high,source-backed exchange metadata from captured Vietcap IQ and/or HOSE universe dry-run files
PGB,UPCOM,vietcap_iq:exchange_listings.csv:20260604T101513Z|vietcap_iq:symbol_universe.csv:20260604T101513Z,high,source-backed exchange metadata from captured Vietcap IQ and/or HOSE universe dry-run files
PGC,HOSE,hose:exchange_listings.csv:20260603T080254Z|hose:symbol_universe.csv:20260603T080254Z|vietcap_iq:exchange_listings.csv:20260604T101513Z|vietcap_iq:symbol_universe.csv:20260604T101513Z,high,source-backed exchange metadata from captured Vietcap IQ and/or HOSE universe dry-run files
PGD,HOSE,hose:exchange_listings.csv:20260603T080254Z|hose:symbol_universe.csv:20260603T080254Z|vietcap_iq:exchange_listings.csv:20260604T101513Z|vietcap_iq:symbol_universe.csv:20260604T101513Z,high,source-backed exchange metadata from captured Vietcap IQ and/or HOSE universe dry-run files
PGI,HOSE,hose:exchange_listings.csv:20260603T080254Z|hose:symbol_universe.csv:20260603T080254Z|vietcap_iq:exchange_listings.csv:20260604T101513Z|vietcap_iq:symbol_universe.csv:20260604T101513Z,high,source-backed exchange metadata from captured Vietcap IQ and/or HOSE universe dry-run files
PGN,HNX,vietcap_iq:exchange_listings.csv:20260604T101513Z|vietcap_iq:symbol_universe.csv:20260604T101513Z,high,source-backed exchange metadata from captured Vietcap IQ and/or HOSE universe dry-run files
PGS,HNX,vietcap_iq:exchange_listings.csv:20260604T101513Z|vietcap_iq:symbol_universe.csv:20260604T101513Z,high,source-backed exchange metadata from captured Vietcap IQ and/or HOSE universe dry-run files
PGT,HNX,vietcap_iq:exchange_listings.csv:20260604T101513Z|vietcap_iq:symbol_universe.csv:20260604T101513Z,high,source-backed exchange metadata from captured Vietcap IQ and/or HOSE universe dry-run files
PGV,HOSE,hose:exchange_listings.csv:20260603T080254Z|hose:symbol_universe.csv:20260603T080254Z|vietcap_iq:exchange_listings.csv:20260604T101513Z|vietcap_iq:symbol_universe.csv:20260604T101513Z,high,source-backed exchange metadata from captured Vietcap IQ and/or HOSE universe dry-run files
PHC,HOSE,hose:exchange_listings.csv:20260603T080254Z|hose:symbol_universe.csv:20260603T080254Z|vietcap_iq:exchange_listings.csv:20260604T101513Z|vietcap_iq:symbol_universe.csv:20260604T101513Z,high,source-backed exchange metadata from captured Vietcap IQ and/or HOSE universe dry-run files
PHH,UPCOM,vietcap_iq:exchange_listings.csv:20260604T101513Z|vietcap_iq:symbol_universe.csv:20260604T101513Z,high,source-backed exchange metadata from captured Vietcap IQ and/or HOSE universe dry-run files
PHN,HNX,vietcap_iq:exchange_listings.csv:20260604T101513Z|vietcap_iq:symbol_universe.csv:20260604T101513Z,high,source-backed exchange metadata from captured Vietcap IQ and/or HOSE universe dry-run files
PHP,UPCOM,vietcap_iq:exchange_listings.csv:20260604T101513Z|vietcap_iq:symbol_universe.csv:20260604T101513Z,high,source-backed exchange metadata from captured Vietcap IQ and/or HOSE universe dry-run files
PHR,HOSE,hose:exchange_listings.csv:20260603T080254Z|hose:symbol_universe.csv:20260603T080254Z|vietcap_iq:exchange_listings.csv:20260604T101513Z|vietcap_iq:symbol_universe.csv:20260604T101513Z,high,source-backed exchange metadata from captured Vietcap IQ and/or HOSE universe dry-run files
PHS,UPCOM,vietcap_iq:exchange_listings.csv:20260604T101513Z|vietcap_iq:symbol_universe.csv:20260604T101513Z,high,source-backed exchange metadata from captured Vietcap IQ and/or HOSE universe dry-run files
PIA,HNX,vietcap_iq:exchange_listings.csv:20260604T101513Z|vietcap_iq:symbol_universe.csv:20260604T101513Z,high,source-backed exchange metadata from captured Vietcap IQ and/or HOSE universe dry-run files
PIC,HNX,vietcap_iq:exchange_listings.csv:20260604T101513Z|vietcap_iq:symbol_universe.csv:20260604T101513Z,high,source-backed exchange metadata from captured Vietcap IQ and/or HOSE universe dry-run files
PID,UPCOM,vietcap_iq:exchange_listings.csv:20260604T101513Z|vietcap_iq:symbol_universe.csv:20260604T101513Z,high,source-backed exchange metadata from captured Vietcap IQ and/or HOSE universe dry-run files
PIS,UPCOM,vietcap_iq:exchange_listings.csv:20260604T101513Z|vietcap_iq:symbol_universe.csv:20260604T101513Z,high,source-backed exchange metadata from captured Vietcap IQ and/or HOSE universe dry-run files
PIT,HOSE,hose:exchange_listings.csv:20260603T080254Z|hose:symbol_universe.csv:20260603T080254Z|vietcap_iq:exchange_listings.csv:20260604T101513Z|vietcap_iq:symbol_universe.csv:20260604T101513Z,high,source-backed exchange metadata from captured Vietcap IQ and/or HOSE universe dry-run files
PIV,UPCOM,vietcap_iq:exchange_listings.csv:20260604T101513Z|vietcap_iq:symbol_universe.csv:20260604T101513Z,high,source-backed exchange metadata from captured Vietcap IQ and/or HOSE universe dry-run files
PJC,HNX,vietcap_iq:exchange_listings.csv:20260604T101513Z|vietcap_iq:symbol_universe.csv:20260604T101513Z,high,source-backed exchange metadata from captured Vietcap IQ and/or HOSE universe dry-run files
PJS,UPCOM,vietcap_iq:exchange_listings.csv:20260604T101513Z|vietcap_iq:symbol_universe.csv:20260604T101513Z,high,source-backed exchange metadata from captured Vietcap IQ and/or HOSE universe dry-run files
PJT,HOSE,hose:exchange_listings.csv:20260603T080254Z|hose:symbol_universe.csv:20260603T080254Z|vietcap_iq:exchange_listings.csv:20260604T101513Z|vietcap_iq:symbol_universe.csv:20260604T101513Z,high,source-backed exchange metadata from captured Vietcap IQ and/or HOSE universe dry-run files
PLA,UPCOM,vietcap_iq:exchange_listings.csv:20260604T101513Z|vietcap_iq:symbol_universe.csv:20260604T101513Z,high,source-backed exchange metadata from captured Vietcap IQ and/or HOSE universe dry-run files
PLC,HNX,vietcap_iq:exchange_listings.csv:20260604T101513Z|vietcap_iq:symbol_universe.csv:20260604T101513Z,high,source-backed exchange metadata from captured Vietcap IQ and/or HOSE universe dry-run files
PLE,UPCOM,vietcap_iq:exchange_listings.csv:20260604T101513Z|vietcap_iq:symbol_universe.csv:20260604T101513Z,high,source-backed exchange metadata from captured Vietcap IQ and/or HOSE universe dry-run files
PLO,UPCOM,vietcap_iq:exchange_listings.csv:20260604T101513Z|vietcap_iq:symbol_universe.csv:20260604T101513Z,high,source-backed exchange metadata from captured Vietcap IQ and/or HOSE universe dry-run files
PLP,HOSE,hose:exchange_listings.csv:20260603T080254Z|hose:symbol_universe.csv:20260603T080254Z|vietcap_iq:exchange_listings.csv:20260604T101513Z|vietcap_iq:symbol_universe.csv:20260604T101513Z,high,source-backed exchange metadata from captured Vietcap IQ and/or HOSE universe dry-run files
PLX,HOSE,hose:exchange_listings.csv:20260603T080254Z|hose:symbol_universe.csv:20260603T080254Z|vietcap_iq:exchange_listings.csv:20260604T101513Z|vietcap_iq:symbol_universe.csv:20260604T101513Z,high,source-backed exchange metadata from captured Vietcap IQ and/or HOSE universe dry-run files
PMB,HNX,vietcap_iq:exchange_listings.csv:20260604T101513Z|vietcap_iq:symbol_universe.csv:20260604T101513Z,high,source-backed exchange metadata from captured Vietcap IQ and/or HOSE universe dry-run files
PMC,HNX,vietcap_iq:exchange_listings.csv:20260604T101513Z|vietcap_iq:symbol_universe.csv:20260604T101513Z,high,source-backed exchange metadata from captured Vietcap IQ and/or HOSE universe dry-run files
PMG,HOSE,hose:exchange_listings.csv:20260603T080254Z|hose:symbol_universe.csv:20260603T080254Z|vietcap_iq:exchange_listings.csv:20260604T101513Z|vietcap_iq:symbol_universe.csv:20260604T101513Z,high,source-backed exchange metadata from captured Vietcap IQ and/or HOSE universe dry-run files
PMJ,UPCOM,vietcap_iq:exchange_listings.csv:20260604T101513Z|vietcap_iq:symbol_universe.csv:20260604T101513Z,high,source-backed exchange metadata from captured Vietcap IQ and/or HOSE universe dry-run files
PMP,HNX,vietcap_iq:exchange_listings.csv:20260604T101513Z|vietcap_iq:symbol_universe.csv:20260604T101513Z,high,source-backed exchange metadata from captured Vietcap IQ and/or HOSE universe dry-run files
PMS,HNX,vietcap_iq:exchange_listings.csv:20260604T101513Z|vietcap_iq:symbol_universe.csv:20260604T101513Z,high,source-backed exchange metadata from captured Vietcap IQ and/or HOSE universe dry-run files
PMT,UPCOM,vietcap_iq:exchange_listings.csv:20260604T101513Z|vietcap_iq:symbol_universe.csv:20260604T101513Z,high,source-backed exchange metadata from captured Vietcap IQ and/or HOSE universe dry-run files
PMW,UPCOM,vietcap_iq:exchange_listings.csv:20260604T101513Z|vietcap_iq:symbol_universe.csv:20260604T101513Z,high,source-backed exchange metadata from captured Vietcap IQ and/or HOSE universe dry-run files
PNC,HOSE,hose:exchange_listings.csv:20260603T080254Z|hose:symbol_universe.csv:20260603T080254Z|vietcap_iq:exchange_listings.csv:20260604T101513Z|vietcap_iq:symbol_universe.csv:20260604T101513Z,high,source-backed exchange metadata from captured Vietcap IQ and/or HOSE universe dry-run files
PND,UPCOM,vietcap_iq:exchange_listings.csv:20260604T101513Z|vietcap_iq:symbol_universe.csv:20260604T101513Z,high,source-backed exchange metadata from captured Vietcap IQ and/or HOSE universe dry-run files
PNG,UPCOM,vietcap_iq:exchange_listings.csv:20260604T101513Z|vietcap_iq:symbol_universe.csv:20260604T101513Z,high,source-backed exchange metadata from captured Vietcap IQ and/or HOSE universe dry-run files
PNJ,HOSE,hose:exchange_listings.csv:20260603T080254Z|hose:symbol_universe.csv:20260603T080254Z|vietcap_iq:exchange_listings.csv:20260604T101513Z|vietcap_iq:symbol_universe.csv:20260604T101513Z,high,source-backed exchange metadata from captured Vietcap IQ and/or HOSE universe dry-run files
PNP,UPCOM,vietcap_iq:exchange_listings.csv:20260604T101513Z|vietcap_iq:symbol_universe.csv:20260604T101513Z,high,source-backed exchange metadata from captured Vietcap IQ and/or HOSE universe dry-run files
PNT,UPCOM,vietcap_iq:exchange_listings.csv:20260604T101513Z|vietcap_iq:symbol_universe.csv:20260604T101513Z,high,source-backed exchange metadata from captured Vietcap IQ and/or HOSE universe dry-run files
POB,UPCOM,vietcap_iq:exchange_listings.csv:20260604T101513Z|vietcap_iq:symbol_universe.csv:20260604T101513Z,high,source-backed exchange metadata from captured Vietcap IQ and/or HOSE universe dry-run files
POM,UPCOM,vietcap_iq:exchange_listings.csv:20260604T101513Z|vietcap_iq:symbol_universe.csv:20260604T101513Z,high,source-backed exchange metadata from captured Vietcap IQ and/or HOSE universe dry-run files
POS,UPCOM,vietcap_iq:exchange_listings.csv:20260604T101513Z|vietcap_iq:symbol_universe.csv:20260604T101513Z,high,source-backed exchange metadata from captured Vietcap IQ and/or HOSE universe dry-run files
POT,HNX,vietcap_iq:exchange_listings.csv:20260604T101513Z|vietcap_iq:symbol_universe.csv:20260604T101513Z,high,source-backed exchange metadata from captured Vietcap IQ and/or HOSE universe dry-run files
POV,UPCOM,vietcap_iq:exchange_listings.csv:20260604T101513Z|vietcap_iq:symbol_universe.csv:20260604T101513Z,high,source-backed exchange metadata from captured Vietcap IQ and/or HOSE universe dry-run files
POW,HOSE,hose:exchange_listings.csv:20260603T080254Z|hose:symbol_universe.csv:20260603T080254Z|vietcap_iq:exchange_listings.csv:20260604T101513Z|vietcap_iq:symbol_universe.csv:20260604T101513Z,high,source-backed exchange metadata from captured Vietcap IQ and/or HOSE universe dry-run files
PPC,HOSE,hose:exchange_listings.csv:20260603T080254Z|hose:symbol_universe.csv:20260603T080254Z|vietcap_iq:exchange_listings.csv:20260604T101513Z|vietcap_iq:symbol_universe.csv:20260604T101513Z,high,source-backed exchange metadata from captured Vietcap IQ and/or HOSE universe dry-run files
PPE,HNX,vietcap_iq:exchange_listings.csv:20260604T101513Z|vietcap_iq:symbol_universe.csv:20260604T101513Z,high,source-backed exchange metadata from captured Vietcap IQ and/or HOSE universe dry-run files
PPH,UPCOM,vietcap_iq:exchange_listings.csv:20260604T101513Z|vietcap_iq:symbol_universe.csv:20260604T101513Z,high,source-backed exchange metadata from captured Vietcap IQ and/or HOSE universe dry-run files
PPI,UPCOM,vietcap_iq:exchange_listings.csv:20260604T101513Z|vietcap_iq:symbol_universe.csv:20260604T101513Z,high,source-backed exchange metadata from captured Vietcap IQ and/or HOSE universe dry-run files
PPP,HNX,vietcap_iq:exchange_listings.csv:20260604T101513Z|vietcap_iq:symbol_universe.csv:20260604T101513Z,high,source-backed exchange metadata from captured Vietcap IQ and/or HOSE universe dry-run files
PPS,HNX,vietcap_iq:exchange_listings.csv:20260604T101513Z|vietcap_iq:symbol_universe.csv:20260604T101513Z,high,source-backed exchange metadata from captured Vietcap IQ and/or HOSE universe dry-run files
PPT,HNX,vietcap_iq:exchange_listings.csv:20260604T101513Z|vietcap_iq:symbol_universe.csv:20260604T101513Z,high,source-backed exchange metadata from captured Vietcap IQ and/or HOSE universe dry-run files
PPY,HNX,vietcap_iq:exchange_listings.csv:20260604T101513Z|vietcap_iq:symbol_universe.csv:20260604T101513Z,high,source-backed exchange metadata from captured Vietcap IQ and/or HOSE universe dry-run files
PQN,UPCOM,vietcap_iq:exchange_listings.csv:20260604T101513Z|vietcap_iq:symbol_universe.csv:20260604T101513Z,high,source-backed exchange metadata from captured Vietcap IQ and/or HOSE universe dry-run files
PRC,HNX,vietcap_iq:exchange_listings.csv:20260604T101513Z|vietcap_iq:symbol_universe.csv:20260604T101513Z,high,source-backed exchange metadata from captured Vietcap IQ and/or HOSE universe dry-run files
PRE,HNX,vietcap_iq:exchange_listings.csv:20260604T101513Z|vietcap_iq:symbol_universe.csv:20260604T101513Z,high,source-backed exchange metadata from captured Vietcap IQ and/or HOSE universe dry-run files
PRO,UPCOM,vietcap_iq:exchange_listings.csv:20260604T101513Z|vietcap_iq:symbol_universe.csv:20260604T101513Z,high,source-backed exchange metadata from captured Vietcap IQ and/or HOSE universe dry-run files
PRT,UPCOM,vietcap_iq:exchange_listings.csv:20260604T101513Z|vietcap_iq:symbol_universe.csv:20260604T101513Z,high,source-backed exchange metadata from captured Vietcap IQ and/or HOSE universe dry-run files
PSB,UPCOM,vietcap_iq:exchange_listings.csv:20260604T101513Z|vietcap_iq:symbol_universe.csv:20260604T101513Z,high,source-backed exchange metadata from captured Vietcap IQ and/or HOSE universe dry-run files
PSC,HNX,vietcap_iq:exchange_listings.csv:20260604T101513Z|vietcap_iq:symbol_universe.csv:20260604T101513Z,high,source-backed exchange metadata from captured Vietcap IQ and/or HOSE universe dry-run files
PSD,HNX,vietcap_iq:exchange_listings.csv:20260604T101513Z|vietcap_iq:symbol_universe.csv:20260604T101513Z,high,source-backed exchange metadata from captured Vietcap IQ and/or HOSE universe dry-run files
PSE,HNX,vietcap_iq:exchange_listings.csv:20260604T101513Z|vietcap_iq:symbol_universe.csv:20260604T101513Z,high,source-backed exchange metadata from captured Vietcap IQ and/or HOSE universe dry-run files
PSH,UPCOM,vietcap_iq:exchange_listings.csv:20260604T101513Z|vietcap_iq:symbol_universe.csv:20260604T101513Z,high,source-backed exchange metadata from captured Vietcap IQ and/or HOSE universe dry-run files
PSI,HNX,vietcap_iq:exchange_listings.csv:20260604T101513Z|vietcap_iq:symbol_universe.csv:20260604T101513Z,high,source-backed exchange metadata from captured Vietcap IQ and/or HOSE universe dry-run files
PSL,UPCOM,vietcap_iq:exchange_listings.csv:20260604T101513Z|vietcap_iq:symbol_universe.csv:20260604T101513Z,high,source-backed exchange metadata from captured Vietcap IQ and/or HOSE universe dry-run files
PSN,UPCOM,vietcap_iq:exchange_listings.csv:20260604T101513Z|vietcap_iq:symbol_universe.csv:20260604T101513Z,high,source-backed exchange metadata from captured Vietcap IQ and/or HOSE universe dry-run files
PSP,UPCOM,vietcap_iq:exchange_listings.csv:20260604T101513Z|vietcap_iq:symbol_universe.csv:20260604T101513Z,high,source-backed exchange metadata from captured Vietcap IQ and/or HOSE universe dry-run files
PSW,HNX,vietcap_iq:exchange_listings.csv:20260604T101513Z|vietcap_iq:symbol_universe.csv:20260604T101513Z,high,source-backed exchange metadata from captured Vietcap IQ and/or HOSE universe dry-run files
PTB,HOSE,hose:exchange_listings.csv:20260603T080254Z|hose:symbol_universe.csv:20260603T080254Z|vietcap_iq:exchange_listings.csv:20260604T101513Z|vietcap_iq:symbol_universe.csv:20260604T101513Z,high,source-backed exchange metadata from captured Vietcap IQ and/or HOSE universe dry-run files
PTC,HOSE,hose:exchange_listings.csv:20260603T080254Z|hose:symbol_universe.csv:20260603T080254Z|vietcap_iq:exchange_listings.csv:20260604T101513Z|vietcap_iq:symbol_universe.csv:20260604T101513Z,high,source-backed exchange metadata from captured Vietcap IQ and/or HOSE universe dry-run files
PTD,HNX,vietcap_iq:exchange_listings.csv:20260604T101513Z|vietcap_iq:symbol_universe.csv:20260604T101513Z,high,source-backed exchange metadata from captured Vietcap IQ and/or HOSE universe dry-run files
PTE,UPCOM,vietcap_iq:exchange_listings.csv:20260604T101513Z|vietcap_iq:symbol_universe.csv:20260604T101513Z,high,source-backed exchange metadata from captured Vietcap IQ and/or HOSE universe dry-run files
PTG,UPCOM,vietcap_iq:exchange_listings.csv:20260604T101513Z|vietcap_iq:symbol_universe.csv:20260604T101513Z,high,source-backed exchange metadata from captured Vietcap IQ and/or HOSE universe dry-run files
PTH,UPCOM,vietcap_iq:exchange_listings.csv:20260604T101513Z|vietcap_iq:symbol_universe.csv:20260604T101513Z,high,source-backed exchange metadata from captured Vietcap IQ and/or HOSE universe dry-run files
PTI,HNX,vietcap_iq:exchange_listings.csv:20260604T101513Z|vietcap_iq:symbol_universe.csv:20260604T101513Z,high,source-backed exchange metadata from captured Vietcap IQ and/or HOSE universe dry-run files
PTL,HOSE,hose:exchange_listings.csv:20260603T080254Z|hose:symbol_universe.csv:20260603T080254Z|vietcap_iq:exchange_listings.csv:20260604T101513Z|vietcap_iq:symbol_universe.csv:20260604T101513Z,high,source-backed exchange metadata from captured Vietcap IQ and/or HOSE universe dry-run files
PTM,UPCOM,vietcap_iq:exchange_listings.csv:20260604T101513Z|vietcap_iq:symbol_universe.csv:20260604T101513Z,high,source-backed exchange metadata from captured Vietcap IQ and/or HOSE universe dry-run files
PTO,UPCOM,vietcap_iq:exchange_listings.csv:20260604T101513Z|vietcap_iq:symbol_universe.csv:20260604T101513Z,high,source-backed exchange metadata from captured Vietcap IQ and/or HOSE universe dry-run files
PTP,UPCOM,vietcap_iq:exchange_listings.csv:20260604T101513Z|vietcap_iq:symbol_universe.csv:20260604T101513Z,high,source-backed exchange metadata from captured Vietcap IQ and/or HOSE universe dry-run files
PTS,HNX,vietcap_iq:exchange_listings.csv:20260604T101513Z|vietcap_iq:symbol_universe.csv:20260604T101513Z,high,source-backed exchange metadata from captured Vietcap IQ and/or HOSE universe dry-run files
PTT,UPCOM,vietcap_iq:exchange_listings.csv:20260604T101513Z|vietcap_iq:symbol_universe.csv:20260604T101513Z,high,source-backed exchange metadata from captured Vietcap IQ and/or HOSE universe dry-run files
PTV,UPCOM,vietcap_iq:exchange_listings.csv:20260604T101513Z|vietcap_iq:symbol_universe.csv:20260604T101513Z,high,source-backed exchange metadata from captured Vietcap IQ and/or HOSE universe dry-run files
PTX,HNX,vietcap_iq:exchange_listings.csv:20260604T101513Z|vietcap_iq:symbol_universe.csv:20260604T101513Z,high,source-backed exchange metadata from captured Vietcap IQ and/or HOSE universe dry-run files
PV2,HNX,vietcap_iq:exchange_listings.csv:20260604T101513Z|vietcap_iq:symbol_universe.csv:20260604T101513Z,high,source-backed exchange metadata from captured Vietcap IQ and/or HOSE universe dry-run files
PVB,HNX,vietcap_iq:exchange_listings.csv:20260604T101513Z|vietcap_iq:symbol_universe.csv:20260604T101513Z,high,source-backed exchange metadata from captured Vietcap IQ and/or HOSE universe dry-run files
PVC,HNX,vietcap_iq:exchange_listings.csv:20260604T101513Z|vietcap_iq:symbol_universe.csv:20260604T101513Z,high,source-backed exchange metadata from captured Vietcap IQ and/or HOSE universe dry-run files
PVD,HOSE,hose:exchange_listings.csv:20260603T080254Z|hose:symbol_universe.csv:20260603T080254Z|vietcap_iq:exchange_listings.csv:20260604T101513Z|vietcap_iq:symbol_universe.csv:20260604T101513Z,high,source-backed exchange metadata from captured Vietcap IQ and/or HOSE universe dry-run files
PVE,UPCOM,vietcap_iq:exchange_listings.csv:20260604T101513Z|vietcap_iq:symbol_universe.csv:20260604T101513Z,high,source-backed exchange metadata from captured Vietcap IQ and/or HOSE universe dry-run files
PVG,HNX,vietcap_iq:exchange_listings.csv:20260604T101513Z|vietcap_iq:symbol_universe.csv:20260604T101513Z,high,source-backed exchange metadata from captured Vietcap IQ and/or HOSE universe dry-run files
PVH,UPCOM,vietcap_iq:exchange_listings.csv:20260604T101513Z|vietcap_iq:symbol_universe.csv:20260604T101513Z,high,source-backed exchange metadata from captured Vietcap IQ and/or HOSE universe dry-run files
PVI,HNX,vietcap_iq:exchange_listings.csv:20260604T101513Z|vietcap_iq:symbol_universe.csv:20260604T101513Z,high,source-backed exchange metadata from captured Vietcap IQ and/or HOSE universe dry-run files
PVL,UPCOM,vietcap_iq:exchange_listings.csv:20260604T101513Z|vietcap_iq:symbol_universe.csv:20260604T101513Z,high,source-backed exchange metadata from captured Vietcap IQ and/or HOSE universe dry-run files
PVM,UPCOM,vietcap_iq:exchange_listings.csv:20260604T101513Z|vietcap_iq:symbol_universe.csv:20260604T101513Z,high,source-backed exchange metadata from captured Vietcap IQ and/or HOSE universe dry-run files
PVO,UPCOM,vietcap_iq:exchange_listings.csv:20260604T101513Z|vietcap_iq:symbol_universe.csv:20260604T101513Z,high,source-backed exchange metadata from captured Vietcap IQ and/or HOSE universe dry-run files
PVP,HOSE,hose:exchange_listings.csv:20260603T080254Z|hose:symbol_universe.csv:20260603T080254Z|vietcap_iq:exchange_listings.csv:20260604T101513Z|vietcap_iq:symbol_universe.csv:20260604T101513Z,high,source-backed exchange metadata from captured Vietcap IQ and/or HOSE universe dry-run files
PVR,UPCOM,vietcap_iq:exchange_listings.csv:20260604T101513Z|vietcap_iq:symbol_universe.csv:20260604T101513Z,high,source-backed exchange metadata from captured Vietcap IQ and/or HOSE universe dry-run files
PVS,HNX,vietcap_iq:exchange_listings.csv:20260604T101513Z|vietcap_iq:symbol_universe.csv:20260604T101513Z,high,source-backed exchange metadata from captured Vietcap IQ and/or HOSE universe dry-run files
PVT,HOSE,hose:exchange_listings.csv:20260603T080254Z|hose:symbol_universe.csv:20260603T080254Z|vietcap_iq:exchange_listings.csv:20260604T101513Z|vietcap_iq:symbol_universe.csv:20260604T101513Z,high,source-backed exchange metadata from captured Vietcap IQ and/or HOSE universe dry-run files
PVV,UPCOM,vietcap_iq:exchange_listings.csv:20260604T101513Z|vietcap_iq:symbol_universe.csv:20260604T101513Z,high,source-backed exchange metadata from captured Vietcap IQ and/or HOSE universe dry-run files
PVX,UPCOM,vietcap_iq:exchange_listings.csv:20260604T101513Z|vietcap_iq:symbol_universe.csv:20260604T101513Z,high,source-backed exchange metadata from captured Vietcap IQ and/or HOSE universe dry-run files
PVY,UPCOM,vietcap_iq:exchange_listings.csv:20260604T101513Z|vietcap_iq:symbol_universe.csv:20260604T101513Z,high,source-backed exchange metadata from captured Vietcap IQ and/or HOSE universe dry-run files
PWA,UPCOM,vietcap_iq:exchange_listings.csv:20260604T101513Z|vietcap_iq:symbol_universe.csv:20260604T101513Z,high,source-backed exchange metadata from captured Vietcap IQ and/or HOSE universe dry-run files
PWS,UPCOM,vietcap_iq:exchange_listings.csv:20260604T101513Z|vietcap_iq:symbol_universe.csv:20260604T101513Z,high,source-backed exchange metadata from captured Vietcap IQ and/or HOSE universe dry-run files
PXA,UPCOM,vietcap_iq:exchange_listings.csv:20260604T101513Z|vietcap_iq:symbol_universe.csv:20260604T101513Z,high,source-backed exchange metadata from captured Vietcap IQ and/or HOSE universe dry-run files
PXI,UPCOM,vietcap_iq:exchange_listings.csv:20260604T101513Z|vietcap_iq:symbol_universe.csv:20260604T101513Z,high,source-backed exchange metadata from captured Vietcap IQ and/or HOSE universe dry-run files
PXL,UPCOM,vietcap_iq:exchange_listings.csv:20260604T101513Z|vietcap_iq:symbol_universe.csv:20260604T101513Z,high,source-backed exchange metadata from captured Vietcap IQ and/or HOSE universe dry-run files
PXM,UPCOM,vietcap_iq:exchange_listings.csv:20260604T101513Z|vietcap_iq:symbol_universe.csv:20260604T101513Z,high,source-backed exchange metadata from captured Vietcap IQ and/or HOSE universe dry-run files
PXS,UPCOM,vietcap_iq:exchange_listings.csv:20260604T101513Z|vietcap_iq:symbol_universe.csv:20260604T101513Z,high,source-backed exchange metadata from captured Vietcap IQ and/or HOSE universe dry-run files
PXT,UPCOM,vietcap_iq:exchange_listings.csv:20260604T101513Z|vietcap_iq:symbol_universe.csv:20260604T101513Z,high,source-backed exchange metadata from captured Vietcap IQ and/or HOSE universe dry-run files
QBS,UPCOM,vietcap_iq:exchange_listings.csv:20260604T101513Z|vietcap_iq:symbol_universe.csv:20260604T101513Z,high,source-backed exchange metadata from captured Vietcap IQ and/or HOSE universe dry-run files
QCC,UPCOM,vietcap_iq:exchange_listings.csv:20260604T101513Z|vietcap_iq:symbol_universe.csv:20260604T101513Z,high,source-backed exchange metadata from captured Vietcap IQ and/or HOSE universe dry-run files
QCG,HOSE,hose:exchange_listings.csv:20260603T080254Z|hose:symbol_universe.csv:20260603T080254Z|vietcap_iq:exchange_listings.csv:20260604T101513Z|vietcap_iq:symbol_universe.csv:20260604T101513Z,high,source-backed exchange metadata from captured Vietcap IQ and/or HOSE universe dry-run files
QHD,HNX,vietcap_iq:exchange_listings.csv:20260604T101513Z|vietcap_iq:symbol_universe.csv:20260604T101513Z,high,source-backed exchange metadata from captured Vietcap IQ and/or HOSE universe dry-run files
QHW,UPCOM,vietcap_iq:exchange_listings.csv:20260604T101513Z|vietcap_iq:symbol_universe.csv:20260604T101513Z,high,source-backed exchange metadata from captured Vietcap IQ and/or HOSE universe dry-run files
QNC,UPCOM,vietcap_iq:exchange_listings.csv:20260604T101513Z|vietcap_iq:symbol_universe.csv:20260604T101513Z,high,source-backed exchange metadata from captured Vietcap IQ and/or HOSE universe dry-run files
QNP,HOSE,hose:exchange_listings.csv:20260603T080254Z|hose:symbol_universe.csv:20260603T080254Z|vietcap_iq:exchange_listings.csv:20260604T101513Z|vietcap_iq:symbol_universe.csv:20260604T101513Z,high,source-backed exchange metadata from captured Vietcap IQ and/or HOSE universe dry-run files
QNS,UPCOM,vietcap_iq:exchange_listings.csv:20260604T101513Z|vietcap_iq:symbol_universe.csv:20260604T101513Z,high,source-backed exchange metadata from captured Vietcap IQ and/or HOSE universe dry-run files
QNT,UPCOM,vietcap_iq:exchange_listings.csv:20260604T101513Z|vietcap_iq:symbol_universe.csv:20260604T101513Z,high,source-backed exchange metadata from captured Vietcap IQ and/or HOSE universe dry-run files
QNU,UPCOM,vietcap_iq:exchange_listings.csv:20260604T101513Z|vietcap_iq:symbol_universe.csv:20260604T101513Z,high,source-backed exchange metadata from captured Vietcap IQ and/or HOSE universe dry-run files
QNW,UPCOM,vietcap_iq:exchange_listings.csv:20260604T101513Z|vietcap_iq:symbol_universe.csv:20260604T101513Z,high,source-backed exchange metadata from captured Vietcap IQ and/or HOSE universe dry-run files
QPH,UPCOM,vietcap_iq:exchange_listings.csv:20260604T101513Z|vietcap_iq:symbol_universe.csv:20260604T101513Z,high,source-backed exchange metadata from captured Vietcap IQ and/or HOSE universe dry-run files
QSP,UPCOM,vietcap_iq:exchange_listings.csv:20260604T101513Z|vietcap_iq:symbol_universe.csv:20260604T101513Z,high,source-backed exchange metadata from captured Vietcap IQ and/or HOSE universe dry-run files
QST,HNX,vietcap_iq:exchange_listings.csv:20260604T101513Z|vietcap_iq:symbol_universe.csv:20260604T101513Z,high,source-backed exchange metadata from captured Vietcap IQ and/or HOSE universe dry-run files
QTC,HNX,vietcap_iq:exchange_listings.csv:20260604T101513Z|vietcap_iq:symbol_universe.csv:20260604T101513Z,high,source-backed exchange metadata from captured Vietcap IQ and/or HOSE universe dry-run files
QTP,UPCOM,vietcap_iq:exchange_listings.csv:20260604T101513Z|vietcap_iq:symbol_universe.csv:20260604T101513Z,high,source-backed exchange metadata from captured Vietcap IQ and/or HOSE universe dry-run files
RAL,HOSE,hose:exchange_listings.csv:20260603T080254Z|hose:symbol_universe.csv:20260603T080254Z|vietcap_iq:exchange_listings.csv:20260604T101513Z|vietcap_iq:symbol_universe.csv:20260604T101513Z,high,source-backed exchange metadata from captured Vietcap IQ and/or HOSE universe dry-run files
RAT,UPCOM,vietcap_iq:exchange_listings.csv:20260604T101513Z|vietcap_iq:symbol_universe.csv:20260604T101513Z,high,source-backed exchange metadata from captured Vietcap IQ and/or HOSE universe dry-run files
RBC,UPCOM,vietcap_iq:exchange_listings.csv:20260604T101513Z|vietcap_iq:symbol_universe.csv:20260604T101513Z,high,source-backed exchange metadata from captured Vietcap IQ and/or HOSE universe dry-run files
RCC,UPCOM,vietcap_iq:exchange_listings.csv:20260604T101513Z|vietcap_iq:symbol_universe.csv:20260604T101513Z,high,source-backed exchange metadata from captured Vietcap IQ and/or HOSE universe dry-run files
RCD,UPCOM,vietcap_iq:exchange_listings.csv:20260604T101513Z|vietcap_iq:symbol_universe.csv:20260604T101513Z,high,source-backed exchange metadata from captured Vietcap IQ and/or HOSE universe dry-run files
RCL,HNX,vietcap_iq:exchange_listings.csv:20260604T101513Z|vietcap_iq:symbol_universe.csv:20260604T101513Z,high,source-backed exchange metadata from captured Vietcap IQ and/or HOSE universe dry-run files
RDP,UPCOM,vietcap_iq:exchange_listings.csv:20260604T101513Z|vietcap_iq:symbol_universe.csv:20260604T101513Z,high,source-backed exchange metadata from captured Vietcap IQ and/or HOSE universe dry-run files
REE,HOSE,hose:exchange_listings.csv:20260603T080254Z|hose:symbol_universe.csv:20260603T080254Z|vietcap_iq:exchange_listings.csv:20260604T101513Z|vietcap_iq:symbol_universe.csv:20260604T101513Z,high,source-backed exchange metadata from captured Vietcap IQ and/or HOSE universe dry-run files
RGG,UPCOM,vietcap_iq:exchange_listings.csv:20260604T101513Z|vietcap_iq:symbol_universe.csv:20260604T101513Z,high,source-backed exchange metadata from captured Vietcap IQ and/or HOSE universe dry-run files
RIC,UPCOM,vietcap_iq:exchange_listings.csv:20260604T101513Z|vietcap_iq:symbol_universe.csv:20260604T101513Z,high,source-backed exchange metadata from captured Vietcap IQ and/or HOSE universe dry-run files
RTB,UPCOM,vietcap_iq:exchange_listings.csv:20260604T101513Z|vietcap_iq:symbol_universe.csv:20260604T101513Z,high,source-backed exchange metadata from captured Vietcap IQ and/or HOSE universe dry-run files
RYG,HOSE,hose:exchange_listings.csv:20260603T080254Z|hose:symbol_universe.csv:20260603T080254Z|vietcap_iq:exchange_listings.csv:20260604T101513Z|vietcap_iq:symbol_universe.csv:20260604T101513Z,high,source-backed exchange metadata from captured Vietcap IQ and/or HOSE universe dry-run files
S12,UPCOM,vietcap_iq:exchange_listings.csv:20260604T101513Z|vietcap_iq:symbol_universe.csv:20260604T101513Z,high,source-backed exchange metadata from captured Vietcap IQ and/or HOSE universe dry-run files
S4A,HOSE,hose:exchange_listings.csv:20260603T080254Z|hose:symbol_universe.csv:20260603T080254Z|vietcap_iq:exchange_listings.csv:20260604T101513Z|vietcap_iq:symbol_universe.csv:20260604T101513Z,high,source-backed exchange metadata from captured Vietcap IQ and/or HOSE universe dry-run files
S55,HNX,vietcap_iq:exchange_listings.csv:20260604T101513Z|vietcap_iq:symbol_universe.csv:20260604T101513Z,high,source-backed exchange metadata from captured Vietcap IQ and/or HOSE universe dry-run files
S72,UPCOM,vietcap_iq:exchange_listings.csv:20260604T101513Z|vietcap_iq:symbol_universe.csv:20260604T101513Z,high,source-backed exchange metadata from captured Vietcap IQ and/or HOSE universe dry-run files
S74,UPCOM,vietcap_iq:exchange_listings.csv:20260604T101513Z|vietcap_iq:symbol_universe.csv:20260604T101513Z,high,source-backed exchange metadata from captured Vietcap IQ and/or HOSE universe dry-run files
S99,HNX,vietcap_iq:exchange_listings.csv:20260604T101513Z|vietcap_iq:symbol_universe.csv:20260604T101513Z,high,source-backed exchange metadata from captured Vietcap IQ and/or HOSE universe dry-run files
SAB,HOSE,hose:exchange_listings.csv:20260603T080254Z|hose:symbol_universe.csv:20260603T080254Z|vietcap_iq:exchange_listings.csv:20260604T101513Z|vietcap_iq:symbol_universe.csv:20260604T101513Z,high,source-backed exchange metadata from captured Vietcap IQ and/or HOSE universe dry-run files
SAC,UPCOM,vietcap_iq:exchange_listings.csv:20260604T101513Z|vietcap_iq:symbol_universe.csv:20260604T101513Z,high,source-backed exchange metadata from captured Vietcap IQ and/or HOSE universe dry-run files
SAF,HNX,vietcap_iq:exchange_listings.csv:20260604T101513Z|vietcap_iq:symbol_universe.csv:20260604T101513Z,high,source-backed exchange metadata from captured Vietcap IQ and/or HOSE universe dry-run files
SAL,UPCOM,vietcap_iq:exchange_listings.csv:20260604T101513Z|vietcap_iq:symbol_universe.csv:20260604T101513Z,high,source-backed exchange metadata from captured Vietcap IQ and/or HOSE universe dry-run files
SAM,HOSE,hose:exchange_listings.csv:20260603T080254Z|hose:symbol_universe.csv:20260603T080254Z|vietcap_iq:exchange_listings.csv:20260604T101513Z|vietcap_iq:symbol_universe.csv:20260604T101513Z,high,source-backed exchange metadata from captured Vietcap IQ and/or HOSE universe dry-run files
SAS,UPCOM,vietcap_iq:exchange_listings.csv:20260604T101513Z|vietcap_iq:symbol_universe.csv:20260604T101513Z,high,source-backed exchange metadata from captured Vietcap IQ and/or HOSE universe dry-run files
SAV,HOSE,hose:exchange_listings.csv:20260603T080254Z|hose:symbol_universe.csv:20260603T080254Z|vietcap_iq:exchange_listings.csv:20260604T101513Z|vietcap_iq:symbol_universe.csv:20260604T101513Z,high,source-backed exchange metadata from captured Vietcap IQ and/or HOSE universe dry-run files
SB1,UPCOM,vietcap_iq:exchange_listings.csv:20260604T101513Z|vietcap_iq:symbol_universe.csv:20260604T101513Z,high,source-backed exchange metadata from captured Vietcap IQ and/or HOSE universe dry-run files
SBA,HOSE,hose:exchange_listings.csv:20260603T080254Z|hose:symbol_universe.csv:20260603T080254Z|vietcap_iq:exchange_listings.csv:20260604T101513Z|vietcap_iq:symbol_universe.csv:20260604T101513Z,high,source-backed exchange metadata from captured Vietcap IQ and/or HOSE universe dry-run files
SBB,UPCOM,vietcap_iq:exchange_listings.csv:20260604T101513Z|vietcap_iq:symbol_universe.csv:20260604T101513Z,high,source-backed exchange metadata from captured Vietcap IQ and/or HOSE universe dry-run files
SBD,UPCOM,vietcap_iq:exchange_listings.csv:20260604T101513Z|vietcap_iq:symbol_universe.csv:20260604T101513Z,high,source-backed exchange metadata from captured Vietcap IQ and/or HOSE universe dry-run files
SBG,HOSE,hose:exchange_listings.csv:20260603T080254Z|hose:symbol_universe.csv:20260603T080254Z|vietcap_iq:exchange_listings.csv:20260604T101513Z|vietcap_iq:symbol_universe.csv:20260604T101513Z,high,source-backed exchange metadata from captured Vietcap IQ and/or HOSE universe dry-run files
SBH,UPCOM,vietcap_iq:exchange_listings.csv:20260604T101513Z|vietcap_iq:symbol_universe.csv:20260604T101513Z,high,source-backed exchange metadata from captured Vietcap IQ and/or HOSE universe dry-run files
SBL,UPCOM,vietcap_iq:exchange_listings.csv:20260604T101513Z|vietcap_iq:symbol_universe.csv:20260604T101513Z,high,source-backed exchange metadata from captured Vietcap IQ and/or HOSE universe dry-run files
SBM,UPCOM,vietcap_iq:exchange_listings.csv:20260604T101513Z|vietcap_iq:symbol_universe.csv:20260604T101513Z,high,source-backed exchange metadata from captured Vietcap IQ and/or HOSE universe dry-run files
SBR,UPCOM,vietcap_iq:exchange_listings.csv:20260604T101513Z|vietcap_iq:symbol_universe.csv:20260604T101513Z,high,source-backed exchange metadata from captured Vietcap IQ and/or HOSE universe dry-run files
SBS,UPCOM,vietcap_iq:exchange_listings.csv:20260604T101513Z|vietcap_iq:symbol_universe.csv:20260604T101513Z,high,source-backed exchange metadata from captured Vietcap IQ and/or HOSE universe dry-run files
SBT,HOSE,hose:exchange_listings.csv:20260603T080254Z|hose:symbol_universe.csv:20260603T080254Z|vietcap_iq:exchange_listings.csv:20260604T101513Z|vietcap_iq:symbol_universe.csv:20260604T101513Z,high,source-backed exchange metadata from captured Vietcap IQ and/or HOSE universe dry-run files
SBV,HOSE,hose:exchange_listings.csv:20260603T080254Z|hose:symbol_universe.csv:20260603T080254Z|vietcap_iq:exchange_listings.csv:20260604T101513Z|vietcap_iq:symbol_universe.csv:20260604T101513Z,high,source-backed exchange metadata from captured Vietcap IQ and/or HOSE universe dry-run files
SC5,HOSE,hose:exchange_listings.csv:20260603T080254Z|hose:symbol_universe.csv:20260603T080254Z|vietcap_iq:exchange_listings.csv:20260604T101513Z|vietcap_iq:symbol_universe.csv:20260604T101513Z,high,source-backed exchange metadata from captured Vietcap IQ and/or HOSE universe dry-run files
SCC,UPCOM,vietcap_iq:exchange_listings.csv:20260604T101513Z|vietcap_iq:symbol_universe.csv:20260604T101513Z,high,source-backed exchange metadata from captured Vietcap IQ and/or HOSE universe dry-run files
SCD,UPCOM,vietcap_iq:exchange_listings.csv:20260604T101513Z|vietcap_iq:symbol_universe.csv:20260604T101513Z,high,source-backed exchange metadata from captured Vietcap IQ and/or HOSE universe dry-run files
SCG,HNX,vietcap_iq:exchange_listings.csv:20260604T101513Z|vietcap_iq:symbol_universe.csv:20260604T101513Z,high,source-backed exchange metadata from captured Vietcap IQ and/or HOSE universe dry-run files
SCI,HNX,vietcap_iq:exchange_listings.csv:20260604T101513Z|vietcap_iq:symbol_universe.csv:20260604T101513Z,high,source-backed exchange metadata from captured Vietcap IQ and/or HOSE universe dry-run files
SCJ,UPCOM,vietcap_iq:exchange_listings.csv:20260604T101513Z|vietcap_iq:symbol_universe.csv:20260604T101513Z,high,source-backed exchange metadata from captured Vietcap IQ and/or HOSE universe dry-run files
SCL,UPCOM,vietcap_iq:exchange_listings.csv:20260604T101513Z|vietcap_iq:symbol_universe.csv:20260604T101513Z,high,source-backed exchange metadata from captured Vietcap IQ and/or HOSE universe dry-run files
SCO,UPCOM,vietcap_iq:exchange_listings.csv:20260604T101513Z|vietcap_iq:symbol_universe.csv:20260604T101513Z,high,source-backed exchange metadata from captured Vietcap IQ and/or HOSE universe dry-run files
SCR,HOSE,hose:exchange_listings.csv:20260603T080254Z|hose:symbol_universe.csv:20260603T080254Z|vietcap_iq:exchange_listings.csv:20260604T101513Z|vietcap_iq:symbol_universe.csv:20260604T101513Z,high,source-backed exchange metadata from captured Vietcap IQ and/or HOSE universe dry-run files
SCS,HOSE,hose:exchange_listings.csv:20260603T080254Z|hose:symbol_universe.csv:20260603T080254Z|vietcap_iq:exchange_listings.csv:20260604T101513Z|vietcap_iq:symbol_universe.csv:20260604T101513Z,high,source-backed exchange metadata from captured Vietcap IQ and/or HOSE universe dry-run files
SD2,UPCOM,vietcap_iq:exchange_listings.csv:20260604T101513Z|vietcap_iq:symbol_universe.csv:20260604T101513Z,high,source-backed exchange metadata from captured Vietcap IQ and/or HOSE universe dry-run files
SD3,UPCOM,vietcap_iq:exchange_listings.csv:20260604T101513Z|vietcap_iq:symbol_universe.csv:20260604T101513Z,high,source-backed exchange metadata from captured Vietcap IQ and/or HOSE universe dry-run files
SD4,UPCOM,vietcap_iq:exchange_listings.csv:20260604T101513Z|vietcap_iq:symbol_universe.csv:20260604T101513Z,high,source-backed exchange metadata from captured Vietcap IQ and/or HOSE universe dry-run files
SD5,HNX,vietcap_iq:exchange_listings.csv:20260604T101513Z|vietcap_iq:symbol_universe.csv:20260604T101513Z,high,source-backed exchange metadata from captured Vietcap IQ and/or HOSE universe dry-run files
SD6,UPCOM,vietcap_iq:exchange_listings.csv:20260604T101513Z|vietcap_iq:symbol_universe.csv:20260604T101513Z,high,source-backed exchange metadata from captured Vietcap IQ and/or HOSE universe dry-run files
SD7,UPCOM,vietcap_iq:exchange_listings.csv:20260604T101513Z|vietcap_iq:symbol_universe.csv:20260604T101513Z,high,source-backed exchange metadata from captured Vietcap IQ and/or HOSE universe dry-run files
SD8,UPCOM,vietcap_iq:exchange_listings.csv:20260604T101513Z|vietcap_iq:symbol_universe.csv:20260604T101513Z,high,source-backed exchange metadata from captured Vietcap IQ and/or HOSE universe dry-run files
SD9,HNX,vietcap_iq:exchange_listings.csv:20260604T101513Z|vietcap_iq:symbol_universe.csv:20260604T101513Z,high,source-backed exchange metadata from captured Vietcap IQ and/or HOSE universe dry-run files
SDA,UPCOM,vietcap_iq:exchange_listings.csv:20260604T101513Z|vietcap_iq:symbol_universe.csv:20260604T101513Z,high,source-backed exchange metadata from captured Vietcap IQ and/or HOSE universe dry-run files
SDC,HNX,vietcap_iq:exchange_listings.csv:20260604T101513Z|vietcap_iq:symbol_universe.csv:20260604T101513Z,high,source-backed exchange metadata from captured Vietcap IQ and/or HOSE universe dry-run files
SDD,UPCOM,vietcap_iq:exchange_listings.csv:20260604T101513Z|vietcap_iq:symbol_universe.csv:20260604T101513Z,high,source-backed exchange metadata from captured Vietcap IQ and/or HOSE universe dry-run files
SDG,HNX,vietcap_iq:exchange_listings.csv:20260604T101513Z|vietcap_iq:symbol_universe.csv:20260604T101513Z,high,source-backed exchange metadata from captured Vietcap IQ and/or HOSE universe dry-run files
SDK,UPCOM,vietcap_iq:exchange_listings.csv:20260604T101513Z|vietcap_iq:symbol_universe.csv:20260604T101513Z,high,source-backed exchange metadata from captured Vietcap IQ and/or HOSE universe dry-run files
SDN,HNX,vietcap_iq:exchange_listings.csv:20260604T101513Z|vietcap_iq:symbol_universe.csv:20260604T101513Z,high,source-backed exchange metadata from captured Vietcap IQ and/or HOSE universe dry-run files
SDP,UPCOM,vietcap_iq:exchange_listings.csv:20260604T101513Z|vietcap_iq:symbol_universe.csv:20260604T101513Z,high,source-backed exchange metadata from captured Vietcap IQ and/or HOSE universe dry-run files
SDT,UPCOM,vietcap_iq:exchange_listings.csv:20260604T101513Z|vietcap_iq:symbol_universe.csv:20260604T101513Z,high,source-backed exchange metadata from captured Vietcap IQ and/or HOSE universe dry-run files
SDU,HNX,vietcap_iq:exchange_listings.csv:20260604T101513Z|vietcap_iq:symbol_universe.csv:20260604T101513Z,high,source-backed exchange metadata from captured Vietcap IQ and/or HOSE universe dry-run files
SDV,UPCOM,vietcap_iq:exchange_listings.csv:20260604T101513Z|vietcap_iq:symbol_universe.csv:20260604T101513Z,high,source-backed exchange metadata from captured Vietcap IQ and/or HOSE universe dry-run files
SDY,UPCOM,vietcap_iq:exchange_listings.csv:20260604T101513Z|vietcap_iq:symbol_universe.csv:20260604T101513Z,high,source-backed exchange metadata from captured Vietcap IQ and/or HOSE universe dry-run files
SEA,UPCOM,vietcap_iq:exchange_listings.csv:20260604T101513Z|vietcap_iq:symbol_universe.csv:20260604T101513Z,high,source-backed exchange metadata from captured Vietcap IQ and/or HOSE universe dry-run files
SEB,HNX,vietcap_iq:exchange_listings.csv:20260604T101513Z|vietcap_iq:symbol_universe.csv:20260604T101513Z,high,source-backed exchange metadata from captured Vietcap IQ and/or HOSE universe dry-run files
SED,HNX,vietcap_iq:exchange_listings.csv:20260604T101513Z|vietcap_iq:symbol_universe.csv:20260604T101513Z,high,source-backed exchange metadata from captured Vietcap IQ and/or HOSE universe dry-run files
SEP,UPCOM,vietcap_iq:exchange_listings.csv:20260604T101513Z|vietcap_iq:symbol_universe.csv:20260604T101513Z,high,source-backed exchange metadata from captured Vietcap IQ and/or HOSE universe dry-run files
SFC,HOSE,hose:exchange_listings.csv:20260603T080254Z|hose:symbol_universe.csv:20260603T080254Z|vietcap_iq:exchange_listings.csv:20260604T101513Z|vietcap_iq:symbol_universe.csv:20260604T101513Z,high,source-backed exchange metadata from captured Vietcap IQ and/or HOSE universe dry-run files
SFG,HOSE,hose:exchange_listings.csv:20260603T080254Z|hose:symbol_universe.csv:20260603T080254Z|vietcap_iq:exchange_listings.csv:20260604T101513Z|vietcap_iq:symbol_universe.csv:20260604T101513Z,high,source-backed exchange metadata from captured Vietcap IQ and/or HOSE universe dry-run files
SFI,HOSE,hose:exchange_listings.csv:20260603T080254Z|hose:symbol_universe.csv:20260603T080254Z|vietcap_iq:exchange_listings.csv:20260604T101513Z|vietcap_iq:symbol_universe.csv:20260604T101513Z,high,source-backed exchange metadata from captured Vietcap IQ and/or HOSE universe dry-run files
SFN,HNX,vietcap_iq:exchange_listings.csv:20260604T101513Z|vietcap_iq:symbol_universe.csv:20260604T101513Z,high,source-backed exchange metadata from captured Vietcap IQ and/or HOSE universe dry-run files
SGB,UPCOM,vietcap_iq:exchange_listings.csv:20260604T101513Z|vietcap_iq:symbol_universe.csv:20260604T101513Z,high,source-backed exchange metadata from captured Vietcap IQ and/or HOSE universe dry-run files
SGC,HNX,vietcap_iq:exchange_listings.csv:20260604T101513Z|vietcap_iq:symbol_universe.csv:20260604T101513Z,high,source-backed exchange metadata from captured Vietcap IQ and/or HOSE universe dry-run files
SGD,HNX,vietcap_iq:exchange_listings.csv:20260604T101513Z|vietcap_iq:symbol_universe.csv:20260604T101513Z,high,source-backed exchange metadata from captured Vietcap IQ and/or HOSE universe dry-run files
SGH,HNX,vietcap_iq:exchange_listings.csv:20260604T101513Z|vietcap_iq:symbol_universe.csv:20260604T101513Z,high,source-backed exchange metadata from captured Vietcap IQ and/or HOSE universe dry-run files
SGI,UPCOM,vietcap_iq:exchange_listings.csv:20260604T101513Z|vietcap_iq:symbol_universe.csv:20260604T101513Z,high,source-backed exchange metadata from captured Vietcap IQ and/or HOSE universe dry-run files
SGN,HOSE,hose:exchange_listings.csv:20260603T080254Z|hose:symbol_universe.csv:20260603T080254Z|vietcap_iq:exchange_listings.csv:20260604T101513Z|vietcap_iq:symbol_universe.csv:20260604T101513Z,high,source-backed exchange metadata from captured Vietcap IQ and/or HOSE universe dry-run files
SGP,UPCOM,vietcap_iq:exchange_listings.csv:20260604T101513Z|vietcap_iq:symbol_universe.csv:20260604T101513Z,high,source-backed exchange metadata from captured Vietcap IQ and/or HOSE universe dry-run files
SGR,HOSE,hose:exchange_listings.csv:20260603T080254Z|hose:symbol_universe.csv:20260603T080254Z|vietcap_iq:exchange_listings.csv:20260604T101513Z|vietcap_iq:symbol_universe.csv:20260604T101513Z,high,source-backed exchange metadata from captured Vietcap IQ and/or HOSE universe dry-run files
SGS,UPCOM,vietcap_iq:exchange_listings.csv:20260604T101513Z|vietcap_iq:symbol_universe.csv:20260604T101513Z,high,source-backed exchange metadata from captured Vietcap IQ and/or HOSE universe dry-run files
SGT,HOSE,hose:exchange_listings.csv:20260603T080254Z|hose:symbol_universe.csv:20260603T080254Z|vietcap_iq:exchange_listings.csv:20260604T101513Z|vietcap_iq:symbol_universe.csv:20260604T101513Z,high,source-backed exchange metadata from captured Vietcap IQ and/or HOSE universe dry-run files
SHA,HOSE,hose:exchange_listings.csv:20260603T080254Z|hose:symbol_universe.csv:20260603T080254Z|vietcap_iq:exchange_listings.csv:20260604T101513Z|vietcap_iq:symbol_universe.csv:20260604T101513Z,high,source-backed exchange metadata from captured Vietcap IQ and/or HOSE universe dry-run files
SHB,HOSE,hose:exchange_listings.csv:20260603T080254Z|hose:symbol_universe.csv:20260603T080254Z|vietcap_iq:exchange_listings.csv:20260604T101513Z|vietcap_iq:symbol_universe.csv:20260604T101513Z,high,source-backed exchange metadata from captured Vietcap IQ and/or HOSE universe dry-run files
SHC,UPCOM,vietcap_iq:exchange_listings.csv:20260604T101513Z|vietcap_iq:symbol_universe.csv:20260604T101513Z,high,source-backed exchange metadata from captured Vietcap IQ and/or HOSE universe dry-run files
SHE,HNX,vietcap_iq:exchange_listings.csv:20260604T101513Z|vietcap_iq:symbol_universe.csv:20260604T101513Z,high,source-backed exchange metadata from captured Vietcap IQ and/or HOSE universe dry-run files
SHI,HOSE,hose:exchange_listings.csv:20260603T080254Z|hose:symbol_universe.csv:20260603T080254Z|vietcap_iq:exchange_listings.csv:20260604T101513Z|vietcap_iq:symbol_universe.csv:20260604T101513Z,high,source-backed exchange metadata from captured Vietcap IQ and/or HOSE universe dry-run files
SHN,HNX,vietcap_iq:exchange_listings.csv:20260604T101513Z|vietcap_iq:symbol_universe.csv:20260604T101513Z,high,source-backed exchange metadata from captured Vietcap IQ and/or HOSE universe dry-run files
SHP,HOSE,hose:exchange_listings.csv:20260603T080254Z|hose:symbol_universe.csv:20260603T080254Z|vietcap_iq:exchange_listings.csv:20260604T101513Z|vietcap_iq:symbol_universe.csv:20260604T101513Z,high,source-backed exchange metadata from captured Vietcap IQ and/or HOSE universe dry-run files
SHS,HNX,vietcap_iq:exchange_listings.csv:20260604T101513Z|vietcap_iq:symbol_universe.csv:20260604T101513Z,high,source-backed exchange metadata from captured Vietcap IQ and/or HOSE universe dry-run files
SID,UPCOM,vietcap_iq:exchange_listings.csv:20260604T101513Z|vietcap_iq:symbol_universe.csv:20260604T101513Z,high,source-backed exchange metadata from captured Vietcap IQ and/or HOSE universe dry-run files
SIG,UPCOM,vietcap_iq:exchange_listings.csv:20260604T101513Z|vietcap_iq:symbol_universe.csv:20260604T101513Z,high,source-backed exchange metadata from captured Vietcap IQ and/or HOSE universe dry-run files
SII,UPCOM,vietcap_iq:exchange_listings.csv:20260604T101513Z|vietcap_iq:symbol_universe.csv:20260604T101513Z,high,source-backed exchange metadata from captured Vietcap IQ and/or HOSE universe dry-run files
SIP,HOSE,hose:exchange_listings.csv:20260603T080254Z|hose:symbol_universe.csv:20260603T080254Z|vietcap_iq:exchange_listings.csv:20260604T101513Z|vietcap_iq:symbol_universe.csv:20260604T101513Z,high,source-backed exchange metadata from captured Vietcap IQ and/or HOSE universe dry-run files
SIV,UPCOM,vietcap_iq:exchange_listings.csv:20260604T101513Z|vietcap_iq:symbol_universe.csv:20260604T101513Z,high,source-backed exchange metadata from captured Vietcap IQ and/or HOSE universe dry-run files
SJ1,HNX,vietcap_iq:exchange_listings.csv:20260604T101513Z|vietcap_iq:symbol_universe.csv:20260604T101513Z,high,source-backed exchange metadata from captured Vietcap IQ and/or HOSE universe dry-run files
SJD,HOSE,hose:exchange_listings.csv:20260603T080254Z|hose:symbol_universe.csv:20260603T080254Z|vietcap_iq:exchange_listings.csv:20260604T101513Z|vietcap_iq:symbol_universe.csv:20260604T101513Z,high,source-backed exchange metadata from captured Vietcap IQ and/or HOSE universe dry-run files
SJE,HNX,vietcap_iq:exchange_listings.csv:20260604T101513Z|vietcap_iq:symbol_universe.csv:20260604T101513Z,high,source-backed exchange metadata from captured Vietcap IQ and/or HOSE universe dry-run files
SJF,UPCOM,vietcap_iq:exchange_listings.csv:20260604T101513Z|vietcap_iq:symbol_universe.csv:20260604T101513Z,high,source-backed exchange metadata from captured Vietcap IQ and/or HOSE universe dry-run files
SJG,UPCOM,vietcap_iq:exchange_listings.csv:20260604T101513Z|vietcap_iq:symbol_universe.csv:20260604T101513Z,high,source-backed exchange metadata from captured Vietcap IQ and/or HOSE universe dry-run files
SJM,UPCOM,vietcap_iq:exchange_listings.csv:20260604T101513Z|vietcap_iq:symbol_universe.csv:20260604T101513Z,high,source-backed exchange metadata from captured Vietcap IQ and/or HOSE universe dry-run files
SJS,HOSE,hose:exchange_listings.csv:20260603T080254Z|hose:symbol_universe.csv:20260603T080254Z|vietcap_iq:exchange_listings.csv:20260604T101513Z|vietcap_iq:symbol_universe.csv:20260604T101513Z,high,source-backed exchange metadata from captured Vietcap IQ and/or HOSE universe dry-run files
SKG,HOSE,hose:exchange_listings.csv:20260603T080254Z|hose:symbol_universe.csv:20260603T080254Z|vietcap_iq:exchange_listings.csv:20260604T101513Z|vietcap_iq:symbol_universe.csv:20260604T101513Z,high,source-backed exchange metadata from captured Vietcap IQ and/or HOSE universe dry-run files
SKH,UPCOM,vietcap_iq:exchange_listings.csv:20260604T101513Z|vietcap_iq:symbol_universe.csv:20260604T101513Z,high,source-backed exchange metadata from captured Vietcap IQ and/or HOSE universe dry-run files
SKN,UPCOM,vietcap_iq:exchange_listings.csv:20260604T101513Z|vietcap_iq:symbol_universe.csv:20260604T101513Z,high,source-backed exchange metadata from captured Vietcap IQ and/or HOSE universe dry-run files
SKV,UPCOM,vietcap_iq:exchange_listings.csv:20260604T101513Z|vietcap_iq:symbol_universe.csv:20260604T101513Z,high,source-backed exchange metadata from captured Vietcap IQ and/or HOSE universe dry-run files
SLD,UPCOM,vietcap_iq:exchange_listings.csv:20260604T101513Z|vietcap_iq:symbol_universe.csv:20260604T101513Z,high,source-backed exchange metadata from captured Vietcap IQ and/or HOSE universe dry-run files
SLS,HNX,vietcap_iq:exchange_listings.csv:20260604T101513Z|vietcap_iq:symbol_universe.csv:20260604T101513Z,high,source-backed exchange metadata from captured Vietcap IQ and/or HOSE universe dry-run files
SMA,HOSE,hose:exchange_listings.csv:20260603T080254Z|hose:symbol_universe.csv:20260603T080254Z|vietcap_iq:exchange_listings.csv:20260604T101513Z|vietcap_iq:symbol_universe.csv:20260604T101513Z,high,source-backed exchange metadata from captured Vietcap IQ and/or HOSE universe dry-run files
SMB,HOSE,hose:exchange_listings.csv:20260603T080254Z|hose:symbol_universe.csv:20260603T080254Z|vietcap_iq:exchange_listings.csv:20260604T101513Z|vietcap_iq:symbol_universe.csv:20260604T101513Z,high,source-backed exchange metadata from captured Vietcap IQ and/or HOSE universe dry-run files
SMC,HOSE,hose:exchange_listings.csv:20260603T080254Z|hose:symbol_universe.csv:20260603T080254Z|vietcap_iq:exchange_listings.csv:20260604T101513Z|vietcap_iq:symbol_universe.csv:20260604T101513Z,high,source-backed exchange metadata from captured Vietcap IQ and/or HOSE universe dry-run files
SMN,HNX,vietcap_iq:exchange_listings.csv:20260604T101513Z|vietcap_iq:symbol_universe.csv:20260604T101513Z,high,source-backed exchange metadata from captured Vietcap IQ and/or HOSE universe dry-run files
SMT,HNX,vietcap_iq:exchange_listings.csv:20260604T101513Z|vietcap_iq:symbol_universe.csv:20260604T101513Z,high,source-backed exchange metadata from captured Vietcap IQ and/or HOSE universe dry-run files
SNC,UPCOM,vietcap_iq:exchange_listings.csv:20260604T101513Z|vietcap_iq:symbol_universe.csv:20260604T101513Z,high,source-backed exchange metadata from captured Vietcap IQ and/or HOSE universe dry-run files
SNZ,UPCOM,vietcap_iq:exchange_listings.csv:20260604T101513Z|vietcap_iq:symbol_universe.csv:20260604T101513Z,high,source-backed exchange metadata from captured Vietcap IQ and/or HOSE universe dry-run files
SP2,UPCOM,vietcap_iq:exchange_listings.csv:20260604T101513Z|vietcap_iq:symbol_universe.csv:20260604T101513Z,high,source-backed exchange metadata from captured Vietcap IQ and/or HOSE universe dry-run files
SPB,UPCOM,vietcap_iq:exchange_listings.csv:20260604T101513Z|vietcap_iq:symbol_universe.csv:20260604T101513Z,high,source-backed exchange metadata from captured Vietcap IQ and/or HOSE universe dry-run files
SPC,HNX,vietcap_iq:exchange_listings.csv:20260604T101513Z|vietcap_iq:symbol_universe.csv:20260604T101513Z,high,source-backed exchange metadata from captured Vietcap IQ and/or HOSE universe dry-run files
SPD,UPCOM,vietcap_iq:exchange_listings.csv:20260604T101513Z|vietcap_iq:symbol_universe.csv:20260604T101513Z,high,source-backed exchange metadata from captured Vietcap IQ and/or HOSE universe dry-run files
SPH,UPCOM,vietcap_iq:exchange_listings.csv:20260604T101513Z|vietcap_iq:symbol_universe.csv:20260604T101513Z,high,source-backed exchange metadata from captured Vietcap IQ and/or HOSE universe dry-run files
SPI,UPCOM,vietcap_iq:exchange_listings.csv:20260604T101513Z|vietcap_iq:symbol_universe.csv:20260604T101513Z,high,source-backed exchange metadata from captured Vietcap IQ and/or HOSE universe dry-run files
SPM,HOSE,hose:exchange_listings.csv:20260603T080254Z|hose:symbol_universe.csv:20260603T080254Z|vietcap_iq:exchange_listings.csv:20260604T101513Z|vietcap_iq:symbol_universe.csv:20260604T101513Z,high,source-backed exchange metadata from captured Vietcap IQ and/or HOSE universe dry-run files
SPV,UPCOM,vietcap_iq:exchange_listings.csv:20260604T101513Z|vietcap_iq:symbol_universe.csv:20260604T101513Z,high,source-backed exchange metadata from captured Vietcap IQ and/or HOSE universe dry-run files
SRA,HNX,vietcap_iq:exchange_listings.csv:20260604T101513Z|vietcap_iq:symbol_universe.csv:20260604T101513Z,high,source-backed exchange metadata from captured Vietcap IQ and/or HOSE universe dry-run files
SRB,UPCOM,vietcap_iq:exchange_listings.csv:20260604T101513Z|vietcap_iq:symbol_universe.csv:20260604T101513Z,high,source-backed exchange metadata from captured Vietcap IQ and/or HOSE universe dry-run files
SRC,HOSE,hose:exchange_listings.csv:20260603T080254Z|hose:symbol_universe.csv:20260603T080254Z|vietcap_iq:exchange_listings.csv:20260604T101513Z|vietcap_iq:symbol_universe.csv:20260604T101513Z,high,source-backed exchange metadata from captured Vietcap IQ and/or HOSE universe dry-run files
SRF,HOSE,hose:exchange_listings.csv:20260603T080254Z|hose:symbol_universe.csv:20260603T080254Z|vietcap_iq:exchange_listings.csv:20260604T101513Z|vietcap_iq:symbol_universe.csv:20260604T101513Z,high,source-backed exchange metadata from captured Vietcap IQ and/or HOSE universe dry-run files
SSB,HOSE,hose:exchange_listings.csv:20260603T080254Z|hose:symbol_universe.csv:20260603T080254Z|vietcap_iq:exchange_listings.csv:20260604T101513Z|vietcap_iq:symbol_universe.csv:20260604T101513Z,high,source-backed exchange metadata from captured Vietcap IQ and/or HOSE universe dry-run files
SSC,HOSE,hose:exchange_listings.csv:20260603T080254Z|hose:symbol_universe.csv:20260603T080254Z|vietcap_iq:exchange_listings.csv:20260604T101513Z|vietcap_iq:symbol_universe.csv:20260604T101513Z,high,source-backed exchange metadata from captured Vietcap IQ and/or HOSE universe dry-run files
SSF,UPCOM,vietcap_iq:exchange_listings.csv:20260604T101513Z|vietcap_iq:symbol_universe.csv:20260604T101513Z,high,source-backed exchange metadata from captured Vietcap IQ and/or HOSE universe dry-run files
SSG,UPCOM,vietcap_iq:exchange_listings.csv:20260604T101513Z|vietcap_iq:symbol_universe.csv:20260604T101513Z,high,source-backed exchange metadata from captured Vietcap IQ and/or HOSE universe dry-run files
SSH,UPCOM,vietcap_iq:exchange_listings.csv:20260604T101513Z|vietcap_iq:symbol_universe.csv:20260604T101513Z,high,source-backed exchange metadata from captured Vietcap IQ and/or HOSE universe dry-run files
SSI,HOSE,hose:exchange_listings.csv:20260603T080254Z|hose:symbol_universe.csv:20260603T080254Z|vietcap_iq:exchange_listings.csv:20260604T101513Z|vietcap_iq:symbol_universe.csv:20260604T101513Z,high,source-backed exchange metadata from captured Vietcap IQ and/or HOSE universe dry-run files
SSM,HNX,vietcap_iq:exchange_listings.csv:20260604T101513Z|vietcap_iq:symbol_universe.csv:20260604T101513Z,high,source-backed exchange metadata from captured Vietcap IQ and/or HOSE universe dry-run files
SSN,UPCOM,vietcap_iq:exchange_listings.csv:20260604T101513Z|vietcap_iq:symbol_universe.csv:20260604T101513Z,high,source-backed exchange metadata from captured Vietcap IQ and/or HOSE universe dry-run files
ST8,HOSE,hose:exchange_listings.csv:20260603T080254Z|hose:symbol_universe.csv:20260603T080254Z|vietcap_iq:exchange_listings.csv:20260604T101513Z|vietcap_iq:symbol_universe.csv:20260604T101513Z,high,source-backed exchange metadata from captured Vietcap IQ and/or HOSE universe dry-run files
STB,HOSE,hose:exchange_listings.csv:20260603T080254Z|hose:symbol_universe.csv:20260603T080254Z|vietcap_iq:exchange_listings.csv:20260604T101513Z|vietcap_iq:symbol_universe.csv:20260604T101513Z,high,source-backed exchange metadata from captured Vietcap IQ and/or HOSE universe dry-run files
STC,HNX,vietcap_iq:exchange_listings.csv:20260604T101513Z|vietcap_iq:symbol_universe.csv:20260604T101513Z,high,source-backed exchange metadata from captured Vietcap IQ and/or HOSE universe dry-run files
STD,UPCOM,vietcap_iq:exchange_listings.csv:20260604T101513Z|vietcap_iq:symbol_universe.csv:20260604T101513Z,high,source-backed exchange metadata from captured Vietcap IQ and/or HOSE universe dry-run files
STG,HOSE,hose:exchange_listings.csv:20260603T080254Z|hose:symbol_universe.csv:20260603T080254Z|vietcap_iq:exchange_listings.csv:20260604T101513Z|vietcap_iq:symbol_universe.csv:20260604T101513Z,high,source-backed exchange metadata from captured Vietcap IQ and/or HOSE universe dry-run files
STH,UPCOM,vietcap_iq:exchange_listings.csv:20260604T101513Z|vietcap_iq:symbol_universe.csv:20260604T101513Z,high,source-backed exchange metadata from captured Vietcap IQ and/or HOSE universe dry-run files
STK,HOSE,hose:exchange_listings.csv:20260603T080254Z|hose:symbol_universe.csv:20260603T080254Z|vietcap_iq:exchange_listings.csv:20260604T101513Z|vietcap_iq:symbol_universe.csv:20260604T101513Z,high,source-backed exchange metadata from captured Vietcap IQ and/or HOSE universe dry-run files
STL,UPCOM,vietcap_iq:exchange_listings.csv:20260604T101513Z|vietcap_iq:symbol_universe.csv:20260604T101513Z,high,source-backed exchange metadata from captured Vietcap IQ and/or HOSE universe dry-run files
STP,HNX,vietcap_iq:exchange_listings.csv:20260604T101513Z|vietcap_iq:symbol_universe.csv:20260604T101513Z,high,source-backed exchange metadata from captured Vietcap IQ and/or HOSE universe dry-run files
STS,UPCOM,vietcap_iq:exchange_listings.csv:20260604T101513Z|vietcap_iq:symbol_universe.csv:20260604T101513Z,high,source-backed exchange metadata from captured Vietcap IQ and/or HOSE universe dry-run files
STT,UPCOM,vietcap_iq:exchange_listings.csv:20260604T101513Z|vietcap_iq:symbol_universe.csv:20260604T101513Z,high,source-backed exchange metadata from captured Vietcap IQ and/or HOSE universe dry-run files
STW,UPCOM,vietcap_iq:exchange_listings.csv:20260604T101513Z|vietcap_iq:symbol_universe.csv:20260604T101513Z,high,source-backed exchange metadata from captured Vietcap IQ and/or HOSE universe dry-run files
SVC,HOSE,hose:exchange_listings.csv:20260603T080254Z|hose:symbol_universe.csv:20260603T080254Z|vietcap_iq:exchange_listings.csv:20260604T101513Z|vietcap_iq:symbol_universe.csv:20260604T101513Z,high,source-backed exchange metadata from captured Vietcap IQ and/or HOSE universe dry-run files
SVD,HOSE,hose:exchange_listings.csv:20260603T080254Z|hose:symbol_universe.csv:20260603T080254Z|vietcap_iq:exchange_listings.csv:20260604T101513Z|vietcap_iq:symbol_universe.csv:20260604T101513Z,high,source-backed exchange metadata from captured Vietcap IQ and/or HOSE universe dry-run files
SVG,UPCOM,vietcap_iq:exchange_listings.csv:20260604T101513Z|vietcap_iq:symbol_universe.csv:20260604T101513Z,high,source-backed exchange metadata from captured Vietcap IQ and/or HOSE universe dry-run files
SVH,UPCOM,vietcap_iq:exchange_listings.csv:20260604T101513Z|vietcap_iq:symbol_universe.csv:20260604T101513Z,high,source-backed exchange metadata from captured Vietcap IQ and/or HOSE universe dry-run files
SVN,HNX,vietcap_iq:exchange_listings.csv:20260604T101513Z|vietcap_iq:symbol_universe.csv:20260604T101513Z,high,source-backed exchange metadata from captured Vietcap IQ and/or HOSE universe dry-run files
SVT,HOSE,hose:exchange_listings.csv:20260603T080254Z|hose:symbol_universe.csv:20260603T080254Z|vietcap_iq:exchange_listings.csv:20260604T101513Z|vietcap_iq:symbol_universe.csv:20260604T101513Z,high,source-backed exchange metadata from captured Vietcap IQ and/or HOSE universe dry-run files
SWC,UPCOM,vietcap_iq:exchange_listings.csv:20260604T101513Z|vietcap_iq:symbol_universe.csv:20260604T101513Z,high,source-backed exchange metadata from captured Vietcap IQ and/or HOSE universe dry-run files
SZB,HNX,vietcap_iq:exchange_listings.csv:20260604T101513Z|vietcap_iq:symbol_universe.csv:20260604T101513Z,high,source-backed exchange metadata from captured Vietcap IQ and/or HOSE universe dry-run files
SZC,HOSE,hose:exchange_listings.csv:20260603T080254Z|hose:symbol_universe.csv:20260603T080254Z|vietcap_iq:exchange_listings.csv:20260604T101513Z|vietcap_iq:symbol_universe.csv:20260604T101513Z,high,source-backed exchange metadata from captured Vietcap IQ and/or HOSE universe dry-run files
SZE,UPCOM,vietcap_iq:exchange_listings.csv:20260604T101513Z|vietcap_iq:symbol_universe.csv:20260604T101513Z,high,source-backed exchange metadata from captured Vietcap IQ and/or HOSE universe dry-run files
SZG,UPCOM,vietcap_iq:exchange_listings.csv:20260604T101513Z|vietcap_iq:symbol_universe.csv:20260604T101513Z,high,source-backed exchange metadata from captured Vietcap IQ and/or HOSE universe dry-run files
SZL,HOSE,hose:exchange_listings.csv:20260603T080254Z|hose:symbol_universe.csv:20260603T080254Z|vietcap_iq:exchange_listings.csv:20260604T101513Z|vietcap_iq:symbol_universe.csv:20260604T101513Z,high,source-backed exchange metadata from captured Vietcap IQ and/or HOSE universe dry-run files
TA6,UPCOM,vietcap_iq:exchange_listings.csv:20260604T101513Z|vietcap_iq:symbol_universe.csv:20260604T101513Z,high,source-backed exchange metadata from captured Vietcap IQ and/or HOSE universe dry-run files
TA9,HNX,vietcap_iq:exchange_listings.csv:20260604T101513Z|vietcap_iq:symbol_universe.csv:20260604T101513Z,high,source-backed exchange metadata from captured Vietcap IQ and/or HOSE universe dry-run files
TAB,UPCOM,vietcap_iq:exchange_listings.csv:20260604T101513Z|vietcap_iq:symbol_universe.csv:20260604T101513Z,high,source-backed exchange metadata from captured Vietcap IQ and/or HOSE universe dry-run files
TAL,HOSE,hose:exchange_listings.csv:20260603T080254Z|hose:symbol_universe.csv:20260603T080254Z|vietcap_iq:exchange_listings.csv:20260604T101513Z|vietcap_iq:symbol_universe.csv:20260604T101513Z,high,source-backed exchange metadata from captured Vietcap IQ and/or HOSE universe dry-run files
TAN,UPCOM,vietcap_iq:exchange_listings.csv:20260604T101513Z|vietcap_iq:symbol_universe.csv:20260604T101513Z,high,source-backed exchange metadata from captured Vietcap IQ and/or HOSE universe dry-run files
TAR,UPCOM,vietcap_iq:exchange_listings.csv:20260604T101513Z|vietcap_iq:symbol_universe.csv:20260604T101513Z,high,source-backed exchange metadata from captured Vietcap IQ and/or HOSE universe dry-run files
TAW,UPCOM,vietcap_iq:exchange_listings.csv:20260604T101513Z|vietcap_iq:symbol_universe.csv:20260604T101513Z,high,source-backed exchange metadata from captured Vietcap IQ and/or HOSE universe dry-run files
TBC,HOSE,hose:exchange_listings.csv:20260603T080254Z|hose:symbol_universe.csv:20260603T080254Z|vietcap_iq:exchange_listings.csv:20260604T101513Z|vietcap_iq:symbol_universe.csv:20260604T101513Z,high,source-backed exchange metadata from captured Vietcap IQ and/or HOSE universe dry-run files
TBD,UPCOM,vietcap_iq:exchange_listings.csv:20260604T101513Z|vietcap_iq:symbol_universe.csv:20260604T101513Z,high,source-backed exchange metadata from captured Vietcap IQ and/or HOSE universe dry-run files
TBR,UPCOM,vietcap_iq:exchange_listings.csv:20260604T101513Z|vietcap_iq:symbol_universe.csv:20260604T101513Z,high,source-backed exchange metadata from captured Vietcap IQ and/or HOSE universe dry-run files
TBW,UPCOM,vietcap_iq:exchange_listings.csv:20260604T101513Z|vietcap_iq:symbol_universe.csv:20260604T101513Z,high,source-backed exchange metadata from captured Vietcap IQ and/or HOSE universe dry-run files
TCB,HOSE,hose:exchange_listings.csv:20260603T080254Z|hose:symbol_universe.csv:20260603T080254Z|vietcap_iq:exchange_listings.csv:20260604T101513Z|vietcap_iq:symbol_universe.csv:20260604T101513Z,high,source-backed exchange metadata from captured Vietcap IQ and/or HOSE universe dry-run files
TCD,HOSE,hose:exchange_listings.csv:20260603T080254Z|hose:symbol_universe.csv:20260603T080254Z|vietcap_iq:exchange_listings.csv:20260604T101513Z|vietcap_iq:symbol_universe.csv:20260604T101513Z,high,source-backed exchange metadata from captured Vietcap IQ and/or HOSE universe dry-run files
TCH,HOSE,hose:exchange_listings.csv:20260603T080254Z|hose:symbol_universe.csv:20260603T080254Z|vietcap_iq:exchange_listings.csv:20260604T101513Z|vietcap_iq:symbol_universe.csv:20260604T101513Z,high,source-backed exchange metadata from captured Vietcap IQ and/or HOSE universe dry-run files
TCI,HOSE,hose:exchange_listings.csv:20260603T080254Z|hose:symbol_universe.csv:20260603T080254Z|vietcap_iq:exchange_listings.csv:20260604T101513Z|vietcap_iq:symbol_universe.csv:20260604T101513Z,high,source-backed exchange metadata from captured Vietcap IQ and/or HOSE universe dry-run files
TCJ,UPCOM,vietcap_iq:exchange_listings.csv:20260604T101513Z|vietcap_iq:symbol_universe.csv:20260604T101513Z,high,source-backed exchange metadata from captured Vietcap IQ and/or HOSE universe dry-run files
TCK,UPCOM,vietcap_iq:exchange_listings.csv:20260604T101513Z|vietcap_iq:symbol_universe.csv:20260604T101513Z,high,source-backed exchange metadata from captured Vietcap IQ and/or HOSE universe dry-run files
TCL,HOSE,hose:exchange_listings.csv:20260603T080254Z|hose:symbol_universe.csv:20260603T080254Z|vietcap_iq:exchange_listings.csv:20260604T101513Z|vietcap_iq:symbol_universe.csv:20260604T101513Z,high,source-backed exchange metadata from captured Vietcap IQ and/or HOSE universe dry-run files
TCM,HOSE,hose:exchange_listings.csv:20260603T080254Z|hose:symbol_universe.csv:20260603T080254Z|vietcap_iq:exchange_listings.csv:20260604T101513Z|vietcap_iq:symbol_universe.csv:20260604T101513Z,high,source-backed exchange metadata from captured Vietcap IQ and/or HOSE universe dry-run files
TCO,HOSE,hose:exchange_listings.csv:20260603T080254Z|hose:symbol_universe.csv:20260603T080254Z|vietcap_iq:exchange_listings.csv:20260604T101513Z|vietcap_iq:symbol_universe.csv:20260604T101513Z,high,source-backed exchange metadata from captured Vietcap IQ and/or HOSE universe dry-run files
TCR,HOSE,hose:exchange_listings.csv:20260603T080254Z|hose:symbol_universe.csv:20260603T080254Z|vietcap_iq:exchange_listings.csv:20260604T101513Z|vietcap_iq:symbol_universe.csv:20260604T101513Z,high,source-backed exchange metadata from captured Vietcap IQ and/or HOSE universe dry-run files
TCT,HOSE,hose:exchange_listings.csv:20260603T080254Z|hose:symbol_universe.csv:20260603T080254Z|vietcap_iq:exchange_listings.csv:20260604T101513Z|vietcap_iq:symbol_universe.csv:20260604T101513Z,high,source-backed exchange metadata from captured Vietcap IQ and/or HOSE universe dry-run files
TCW,UPCOM,vietcap_iq:exchange_listings.csv:20260604T101513Z|vietcap_iq:symbol_universe.csv:20260604T101513Z,high,source-backed exchange metadata from captured Vietcap IQ and/or HOSE universe dry-run files
TCX,HOSE,hose:exchange_listings.csv:20260603T080254Z|hose:symbol_universe.csv:20260603T080254Z|vietcap_iq:exchange_listings.csv:20260604T101513Z|vietcap_iq:symbol_universe.csv:20260604T101513Z,high,source-backed exchange metadata from captured Vietcap IQ and/or HOSE universe dry-run files
TD6,HNX,vietcap_iq:exchange_listings.csv:20260604T101513Z|vietcap_iq:symbol_universe.csv:20260604T101513Z,high,source-backed exchange metadata from captured Vietcap IQ and/or HOSE universe dry-run files
TDB,UPCOM,vietcap_iq:exchange_listings.csv:20260604T101513Z|vietcap_iq:symbol_universe.csv:20260604T101513Z,high,source-backed exchange metadata from captured Vietcap IQ and/or HOSE universe dry-run files
TDC,HOSE,hose:exchange_listings.csv:20260603T080254Z|hose:symbol_universe.csv:20260603T080254Z|vietcap_iq:exchange_listings.csv:20260604T101513Z|vietcap_iq:symbol_universe.csv:20260604T101513Z,high,source-backed exchange metadata from captured Vietcap IQ and/or HOSE universe dry-run files
TDF,UPCOM,vietcap_iq:exchange_listings.csv:20260604T101513Z|vietcap_iq:symbol_universe.csv:20260604T101513Z,high,source-backed exchange metadata from captured Vietcap IQ and/or HOSE universe dry-run files
TDG,HOSE,hose:exchange_listings.csv:20260603T080254Z|hose:symbol_universe.csv:20260603T080254Z|vietcap_iq:exchange_listings.csv:20260604T101513Z|vietcap_iq:symbol_universe.csv:20260604T101513Z,high,source-backed exchange metadata from captured Vietcap IQ and/or HOSE universe dry-run files
TDH,HOSE,hose:exchange_listings.csv:20260603T080254Z|hose:symbol_universe.csv:20260603T080254Z|vietcap_iq:exchange_listings.csv:20260604T101513Z|vietcap_iq:symbol_universe.csv:20260604T101513Z,high,source-backed exchange metadata from captured Vietcap IQ and/or HOSE universe dry-run files
TDM,HOSE,hose:exchange_listings.csv:20260603T080254Z|hose:symbol_universe.csv:20260603T080254Z|vietcap_iq:exchange_listings.csv:20260604T101513Z|vietcap_iq:symbol_universe.csv:20260604T101513Z,high,source-backed exchange metadata from captured Vietcap IQ and/or HOSE universe dry-run files
TDP,HOSE,hose:exchange_listings.csv:20260603T080254Z|hose:symbol_universe.csv:20260603T080254Z|vietcap_iq:exchange_listings.csv:20260604T101513Z|vietcap_iq:symbol_universe.csv:20260604T101513Z,high,source-backed exchange metadata from captured Vietcap IQ and/or HOSE universe dry-run files
TDS,UPCOM,vietcap_iq:exchange_listings.csv:20260604T101513Z|vietcap_iq:symbol_universe.csv:20260604T101513Z,high,source-backed exchange metadata from captured Vietcap IQ and/or HOSE universe dry-run files
TDT,HNX,vietcap_iq:exchange_listings.csv:20260604T101513Z|vietcap_iq:symbol_universe.csv:20260604T101513Z,high,source-backed exchange metadata from captured Vietcap IQ and/or HOSE universe dry-run files
TDW,HOSE,hose:exchange_listings.csv:20260603T080254Z|hose:symbol_universe.csv:20260603T080254Z|vietcap_iq:exchange_listings.csv:20260604T101513Z|vietcap_iq:symbol_universe.csv:20260604T101513Z,high,source-backed exchange metadata from captured Vietcap IQ and/or HOSE universe dry-run files
TED,UPCOM,vietcap_iq:exchange_listings.csv:20260604T101513Z|vietcap_iq:symbol_universe.csv:20260604T101513Z,high,source-backed exchange metadata from captured Vietcap IQ and/or HOSE universe dry-run files
TEG,HOSE,hose:exchange_listings.csv:20260603T080254Z|hose:symbol_universe.csv:20260603T080254Z|vietcap_iq:exchange_listings.csv:20260604T101513Z|vietcap_iq:symbol_universe.csv:20260604T101513Z,high,source-backed exchange metadata from captured Vietcap IQ and/or HOSE universe dry-run files
TET,HNX,vietcap_iq:exchange_listings.csv:20260604T101513Z|vietcap_iq:symbol_universe.csv:20260604T101513Z,high,source-backed exchange metadata from captured Vietcap IQ and/or HOSE universe dry-run files
TFC,HNX,vietcap_iq:exchange_listings.csv:20260604T101513Z|vietcap_iq:symbol_universe.csv:20260604T101513Z,high,source-backed exchange metadata from captured Vietcap IQ and/or HOSE universe dry-run files
TGG,UPCOM,vietcap_iq:exchange_listings.csv:20260604T101513Z|vietcap_iq:symbol_universe.csv:20260604T101513Z,high,source-backed exchange metadata from captured Vietcap IQ and/or HOSE universe dry-run files
TGP,UPCOM,vietcap_iq:exchange_listings.csv:20260604T101513Z|vietcap_iq:symbol_universe.csv:20260604T101513Z,high,source-backed exchange metadata from captured Vietcap IQ and/or HOSE universe dry-run files
TH1,UPCOM,vietcap_iq:exchange_listings.csv:20260604T101513Z|vietcap_iq:symbol_universe.csv:20260604T101513Z,high,source-backed exchange metadata from captured Vietcap IQ and/or HOSE universe dry-run files
THB,HNX,vietcap_iq:exchange_listings.csv:20260604T101513Z|vietcap_iq:symbol_universe.csv:20260604T101513Z,high,source-backed exchange metadata from captured Vietcap IQ and/or HOSE universe dry-run files
THD,HNX,vietcap_iq:exchange_listings.csv:20260604T101513Z|vietcap_iq:symbol_universe.csv:20260604T101513Z,high,source-backed exchange metadata from captured Vietcap IQ and/or HOSE universe dry-run files
THG,HOSE,hose:exchange_listings.csv:20260603T080254Z|hose:symbol_universe.csv:20260603T080254Z|vietcap_iq:exchange_listings.csv:20260604T101513Z|vietcap_iq:symbol_universe.csv:20260604T101513Z,high,source-backed exchange metadata from captured Vietcap IQ and/or HOSE universe dry-run files
THM,UPCOM,vietcap_iq:exchange_listings.csv:20260604T101513Z|vietcap_iq:symbol_universe.csv:20260604T101513Z,high,source-backed exchange metadata from captured Vietcap IQ and/or HOSE universe dry-run files
THN,UPCOM,vietcap_iq:exchange_listings.csv:20260604T101513Z|vietcap_iq:symbol_universe.csv:20260604T101513Z,high,source-backed exchange metadata from captured Vietcap IQ and/or HOSE universe dry-run files
THP,UPCOM,vietcap_iq:exchange_listings.csv:20260604T101513Z|vietcap_iq:symbol_universe.csv:20260604T101513Z,high,source-backed exchange metadata from captured Vietcap IQ and/or HOSE universe dry-run files
THS,HNX,vietcap_iq:exchange_listings.csv:20260604T101513Z|vietcap_iq:symbol_universe.csv:20260604T101513Z,high,source-backed exchange metadata from captured Vietcap IQ and/or HOSE universe dry-run files
THT,HNX,vietcap_iq:exchange_listings.csv:20260604T101513Z|vietcap_iq:symbol_universe.csv:20260604T101513Z,high,source-backed exchange metadata from captured Vietcap IQ and/or HOSE universe dry-run files
THU,UPCOM,vietcap_iq:exchange_listings.csv:20260604T101513Z|vietcap_iq:symbol_universe.csv:20260604T101513Z,high,source-backed exchange metadata from captured Vietcap IQ and/or HOSE universe dry-run files
THW,UPCOM,vietcap_iq:exchange_listings.csv:20260604T101513Z|vietcap_iq:symbol_universe.csv:20260604T101513Z,high,source-backed exchange metadata from captured Vietcap IQ and/or HOSE universe dry-run files
TID,UPCOM,vietcap_iq:exchange_listings.csv:20260604T101513Z|vietcap_iq:symbol_universe.csv:20260604T101513Z,high,source-backed exchange metadata from captured Vietcap IQ and/or HOSE universe dry-run files
TIE,UPCOM,vietcap_iq:exchange_listings.csv:20260604T101513Z|vietcap_iq:symbol_universe.csv:20260604T101513Z,high,source-backed exchange metadata from captured Vietcap IQ and/or HOSE universe dry-run files
TIG,HNX,vietcap_iq:exchange_listings.csv:20260604T101513Z|vietcap_iq:symbol_universe.csv:20260604T101513Z,high,source-backed exchange metadata from captured Vietcap IQ and/or HOSE universe dry-run files
TIN,UPCOM,vietcap_iq:exchange_listings.csv:20260604T101513Z|vietcap_iq:symbol_universe.csv:20260604T101513Z,high,source-backed exchange metadata from captured Vietcap IQ and/or HOSE universe dry-run files
TIP,HOSE,hose:exchange_listings.csv:20260603T080254Z|hose:symbol_universe.csv:20260603T080254Z|vietcap_iq:exchange_listings.csv:20260604T101513Z|vietcap_iq:symbol_universe.csv:20260604T101513Z,high,source-backed exchange metadata from captured Vietcap IQ and/or HOSE universe dry-run files
TIS,UPCOM,vietcap_iq:exchange_listings.csv:20260604T101513Z|vietcap_iq:symbol_universe.csv:20260604T101513Z,high,source-backed exchange metadata from captured Vietcap IQ and/or HOSE universe dry-run files
TIX,HOSE,hose:exchange_listings.csv:20260603T080254Z|hose:symbol_universe.csv:20260603T080254Z|vietcap_iq:exchange_listings.csv:20260604T101513Z|vietcap_iq:symbol_universe.csv:20260604T101513Z,high,source-backed exchange metadata from captured Vietcap IQ and/or HOSE universe dry-run files
TJC,HNX,vietcap_iq:exchange_listings.csv:20260604T101513Z|vietcap_iq:symbol_universe.csv:20260604T101513Z,high,source-backed exchange metadata from captured Vietcap IQ and/or HOSE universe dry-run files
TKA,UPCOM,vietcap_iq:exchange_listings.csv:20260604T101513Z|vietcap_iq:symbol_universe.csv:20260604T101513Z,high,source-backed exchange metadata from captured Vietcap IQ and/or HOSE universe dry-run files
TKU,HNX,vietcap_iq:exchange_listings.csv:20260604T101513Z|vietcap_iq:symbol_universe.csv:20260604T101513Z,high,source-backed exchange metadata from captured Vietcap IQ and/or HOSE universe dry-run files
TL4,UPCOM,vietcap_iq:exchange_listings.csv:20260604T101513Z|vietcap_iq:symbol_universe.csv:20260604T101513Z,high,source-backed exchange metadata from captured Vietcap IQ and/or HOSE universe dry-run files
TLD,HOSE,hose:exchange_listings.csv:20260603T080254Z|hose:symbol_universe.csv:20260603T080254Z|vietcap_iq:exchange_listings.csv:20260604T101513Z|vietcap_iq:symbol_universe.csv:20260604T101513Z,high,source-backed exchange metadata from captured Vietcap IQ and/or HOSE universe dry-run files
TLG,HOSE,hose:exchange_listings.csv:20260603T080254Z|hose:symbol_universe.csv:20260603T080254Z|vietcap_iq:exchange_listings.csv:20260604T101513Z|vietcap_iq:symbol_universe.csv:20260604T101513Z,high,source-backed exchange metadata from captured Vietcap IQ and/or HOSE universe dry-run files
TLH,HOSE,hose:exchange_listings.csv:20260603T080254Z|hose:symbol_universe.csv:20260603T080254Z|vietcap_iq:exchange_listings.csv:20260604T101513Z|vietcap_iq:symbol_universe.csv:20260604T101513Z,high,source-backed exchange metadata from captured Vietcap IQ and/or HOSE universe dry-run files
TLP,UPCOM,vietcap_iq:exchange_listings.csv:20260604T101513Z|vietcap_iq:symbol_universe.csv:20260604T101513Z,high,source-backed exchange metadata from captured Vietcap IQ and/or HOSE universe dry-run files
TMB,HNX,vietcap_iq:exchange_listings.csv:20260604T101513Z|vietcap_iq:symbol_universe.csv:20260604T101513Z,high,source-backed exchange metadata from captured Vietcap IQ and/or HOSE universe dry-run files
TMC,HNX,vietcap_iq:exchange_listings.csv:20260604T101513Z|vietcap_iq:symbol_universe.csv:20260604T101513Z,high,source-backed exchange metadata from captured Vietcap IQ and/or HOSE universe dry-run files
TMG,UPCOM,vietcap_iq:exchange_listings.csv:20260604T101513Z|vietcap_iq:symbol_universe.csv:20260604T101513Z,high,source-backed exchange metadata from captured Vietcap IQ and/or HOSE universe dry-run files
TMP,HOSE,hose:exchange_listings.csv:20260603T080254Z|hose:symbol_universe.csv:20260603T080254Z|vietcap_iq:exchange_listings.csv:20260604T101513Z|vietcap_iq:symbol_universe.csv:20260604T101513Z,high,source-backed exchange metadata from captured Vietcap IQ and/or HOSE universe dry-run files
TMS,HOSE,hose:exchange_listings.csv:20260603T080254Z|hose:symbol_universe.csv:20260603T080254Z|vietcap_iq:exchange_listings.csv:20260604T101513Z|vietcap_iq:symbol_universe.csv:20260604T101513Z,high,source-backed exchange metadata from captured Vietcap IQ and/or HOSE universe dry-run files
TMT,HOSE,hose:exchange_listings.csv:20260603T080254Z|hose:symbol_universe.csv:20260603T080254Z|vietcap_iq:exchange_listings.csv:20260604T101513Z|vietcap_iq:symbol_universe.csv:20260604T101513Z,high,source-backed exchange metadata from captured Vietcap IQ and/or HOSE universe dry-run files
TMW,UPCOM,vietcap_iq:exchange_listings.csv:20260604T101513Z|vietcap_iq:symbol_universe.csv:20260604T101513Z,high,source-backed exchange metadata from captured Vietcap IQ and/or HOSE universe dry-run files
TMX,HNX,vietcap_iq:exchange_listings.csv:20260604T101513Z|vietcap_iq:symbol_universe.csv:20260604T101513Z,high,source-backed exchange metadata from captured Vietcap IQ and/or HOSE universe dry-run files
TN1,HOSE,hose:exchange_listings.csv:20260603T080254Z|hose:symbol_universe.csv:20260603T080254Z|vietcap_iq:exchange_listings.csv:20260604T101513Z|vietcap_iq:symbol_universe.csv:20260604T101513Z,high,source-backed exchange metadata from captured Vietcap IQ and/or HOSE universe dry-run files
TNA,UPCOM,vietcap_iq:exchange_listings.csv:20260604T101513Z|vietcap_iq:symbol_universe.csv:20260604T101513Z,high,source-backed exchange metadata from captured Vietcap IQ and/or HOSE universe dry-run files
TNB,UPCOM,vietcap_iq:exchange_listings.csv:20260604T101513Z|vietcap_iq:symbol_universe.csv:20260604T101513Z,high,source-backed exchange metadata from captured Vietcap IQ and/or HOSE universe dry-run files
TNC,HOSE,hose:exchange_listings.csv:20260603T080254Z|hose:symbol_universe.csv:20260603T080254Z|vietcap_iq:exchange_listings.csv:20260604T101513Z|vietcap_iq:symbol_universe.csv:20260604T101513Z,high,source-backed exchange metadata from captured Vietcap IQ and/or HOSE universe dry-run files
TNG,HNX,vietcap_iq:exchange_listings.csv:20260604T101513Z|vietcap_iq:symbol_universe.csv:20260604T101513Z,high,source-backed exchange metadata from captured Vietcap IQ and/or HOSE universe dry-run files
TNH,HOSE,hose:exchange_listings.csv:20260603T080254Z|hose:symbol_universe.csv:20260603T080254Z|vietcap_iq:exchange_listings.csv:20260604T101513Z|vietcap_iq:symbol_universe.csv:20260604T101513Z,high,source-backed exchange metadata from captured Vietcap IQ and/or HOSE universe dry-run files
TNI,HOSE,hose:exchange_listings.csv:20260603T080254Z|hose:symbol_universe.csv:20260603T080254Z|vietcap_iq:exchange_listings.csv:20260604T101513Z|vietcap_iq:symbol_universe.csv:20260604T101513Z,high,source-backed exchange metadata from captured Vietcap IQ and/or HOSE universe dry-run files
TNP,UPCOM,vietcap_iq:exchange_listings.csv:20260604T101513Z|vietcap_iq:symbol_universe.csv:20260604T101513Z,high,source-backed exchange metadata from captured Vietcap IQ and/or HOSE universe dry-run files
TNS,UPCOM,vietcap_iq:exchange_listings.csv:20260604T101513Z|vietcap_iq:symbol_universe.csv:20260604T101513Z,high,source-backed exchange metadata from captured Vietcap IQ and/or HOSE universe dry-run files
TNT,HOSE,hose:exchange_listings.csv:20260603T080254Z|hose:symbol_universe.csv:20260603T080254Z|vietcap_iq:exchange_listings.csv:20260604T101513Z|vietcap_iq:symbol_universe.csv:20260604T101513Z,high,source-backed exchange metadata from captured Vietcap IQ and/or HOSE universe dry-run files
TNW,UPCOM,vietcap_iq:exchange_listings.csv:20260604T101513Z|vietcap_iq:symbol_universe.csv:20260604T101513Z,high,source-backed exchange metadata from captured Vietcap IQ and/or HOSE universe dry-run files
TOP,UPCOM,vietcap_iq:exchange_listings.csv:20260604T101513Z|vietcap_iq:symbol_universe.csv:20260604T101513Z,high,source-backed exchange metadata from captured Vietcap IQ and/or HOSE universe dry-run files
TOS,UPCOM,vietcap_iq:exchange_listings.csv:20260604T101513Z|vietcap_iq:symbol_universe.csv:20260604T101513Z,high,source-backed exchange metadata from captured Vietcap IQ and/or HOSE universe dry-run files
TOT,HNX,vietcap_iq:exchange_listings.csv:20260604T101513Z|vietcap_iq:symbol_universe.csv:20260604T101513Z,high,source-backed exchange metadata from captured Vietcap IQ and/or HOSE universe dry-run files
TOW,UPCOM,vietcap_iq:exchange_listings.csv:20260604T101513Z|vietcap_iq:symbol_universe.csv:20260604T101513Z,high,source-backed exchange metadata from captured Vietcap IQ and/or HOSE universe dry-run files
TPB,HOSE,hose:exchange_listings.csv:20260603T080254Z|hose:symbol_universe.csv:20260603T080254Z|vietcap_iq:exchange_listings.csv:20260604T101513Z|vietcap_iq:symbol_universe.csv:20260604T101513Z,high,source-backed exchange metadata from captured Vietcap IQ and/or HOSE universe dry-run files
TPC,HOSE,hose:exchange_listings.csv:20260603T080254Z|hose:symbol_universe.csv:20260603T080254Z|vietcap_iq:exchange_listings.csv:20260604T101513Z|vietcap_iq:symbol_universe.csv:20260604T101513Z,high,source-backed exchange metadata from captured Vietcap IQ and/or HOSE universe dry-run files
TPP,HNX,vietcap_iq:exchange_listings.csv:20260604T101513Z|vietcap_iq:symbol_universe.csv:20260604T101513Z,high,source-backed exchange metadata from captured Vietcap IQ and/or HOSE universe dry-run files
TPS,UPCOM,vietcap_iq:exchange_listings.csv:20260604T101513Z|vietcap_iq:symbol_universe.csv:20260604T101513Z,high,source-backed exchange metadata from captured Vietcap IQ and/or HOSE universe dry-run files
TQW,UPCOM,vietcap_iq:exchange_listings.csv:20260604T101513Z|vietcap_iq:symbol_universe.csv:20260604T101513Z,high,source-backed exchange metadata from captured Vietcap IQ and/or HOSE universe dry-run files
TR1,UPCOM,vietcap_iq:exchange_listings.csv:20260604T101513Z|vietcap_iq:symbol_universe.csv:20260604T101513Z,high,source-backed exchange metadata from captured Vietcap IQ and/or HOSE universe dry-run files
TRA,HOSE,hose:exchange_listings.csv:20260603T080254Z|hose:symbol_universe.csv:20260603T080254Z|vietcap_iq:exchange_listings.csv:20260604T101513Z|vietcap_iq:symbol_universe.csv:20260604T101513Z,high,source-backed exchange metadata from captured Vietcap IQ and/or HOSE universe dry-run files
TRC,HOSE,hose:exchange_listings.csv:20260603T080254Z|hose:symbol_universe.csv:20260603T080254Z|vietcap_iq:exchange_listings.csv:20260604T101513Z|vietcap_iq:symbol_universe.csv:20260604T101513Z,high,source-backed exchange metadata from captured Vietcap IQ and/or HOSE universe dry-run files
TRS,UPCOM,vietcap_iq:exchange_listings.csv:20260604T101513Z|vietcap_iq:symbol_universe.csv:20260604T101513Z,high,source-backed exchange metadata from captured Vietcap IQ and/or HOSE universe dry-run files
TRT,UPCOM,vietcap_iq:exchange_listings.csv:20260604T101513Z|vietcap_iq:symbol_universe.csv:20260604T101513Z,high,source-backed exchange metadata from captured Vietcap IQ and/or HOSE universe dry-run files
TRV,UPCOM,vietcap_iq:exchange_listings.csv:20260604T101513Z|vietcap_iq:symbol_universe.csv:20260604T101513Z,high,source-backed exchange metadata from captured Vietcap IQ and/or HOSE universe dry-run files
TS3,UPCOM,vietcap_iq:exchange_listings.csv:20260604T101513Z|vietcap_iq:symbol_universe.csv:20260604T101513Z,high,source-backed exchange metadata from captured Vietcap IQ and/or HOSE universe dry-run files
TSA,HOSE,hose:exchange_listings.csv:20260603T080254Z|hose:symbol_universe.csv:20260603T080254Z|vietcap_iq:exchange_listings.csv:20260604T101513Z|vietcap_iq:symbol_universe.csv:20260604T101513Z,high,source-backed exchange metadata from captured Vietcap IQ and/or HOSE universe dry-run files
TSB,HNX,vietcap_iq:exchange_listings.csv:20260604T101513Z|vietcap_iq:symbol_universe.csv:20260604T101513Z,high,source-backed exchange metadata from captured Vietcap IQ and/or HOSE universe dry-run files
TSC,HOSE,hose:exchange_listings.csv:20260603T080254Z|hose:symbol_universe.csv:20260603T080254Z|vietcap_iq:exchange_listings.csv:20260604T101513Z|vietcap_iq:symbol_universe.csv:20260604T101513Z,high,source-backed exchange metadata from captured Vietcap IQ and/or HOSE universe dry-run files
TSD,UPCOM,vietcap_iq:exchange_listings.csv:20260604T101513Z|vietcap_iq:symbol_universe.csv:20260604T101513Z,high,source-backed exchange metadata from captured Vietcap IQ and/or HOSE universe dry-run files
TSG,UPCOM,vietcap_iq:exchange_listings.csv:20260604T101513Z|vietcap_iq:symbol_universe.csv:20260604T101513Z,high,source-backed exchange metadata from captured Vietcap IQ and/or HOSE universe dry-run files
TSJ,UPCOM,vietcap_iq:exchange_listings.csv:20260604T101513Z|vietcap_iq:symbol_universe.csv:20260604T101513Z,high,source-backed exchange metadata from captured Vietcap IQ and/or HOSE universe dry-run files
TST,UPCOM,vietcap_iq:exchange_listings.csv:20260604T101513Z|vietcap_iq:symbol_universe.csv:20260604T101513Z,high,source-backed exchange metadata from captured Vietcap IQ and/or HOSE universe dry-run files
TT6,UPCOM,vietcap_iq:exchange_listings.csv:20260604T101513Z|vietcap_iq:symbol_universe.csv:20260604T101513Z,high,source-backed exchange metadata from captured Vietcap IQ and/or HOSE universe dry-run files
TTA,HOSE,hose:exchange_listings.csv:20260603T080254Z|hose:symbol_universe.csv:20260603T080254Z|vietcap_iq:exchange_listings.csv:20260604T101513Z|vietcap_iq:symbol_universe.csv:20260604T101513Z,high,source-backed exchange metadata from captured Vietcap IQ and/or HOSE universe dry-run files
TTB,UPCOM,vietcap_iq:exchange_listings.csv:20260604T101513Z|vietcap_iq:symbol_universe.csv:20260604T101513Z,high,source-backed exchange metadata from captured Vietcap IQ and/or HOSE universe dry-run files
TTC,HNX,vietcap_iq:exchange_listings.csv:20260604T101513Z|vietcap_iq:symbol_universe.csv:20260604T101513Z,high,source-backed exchange metadata from captured Vietcap IQ and/or HOSE universe dry-run files
TTD,UPCOM,vietcap_iq:exchange_listings.csv:20260604T101513Z|vietcap_iq:symbol_universe.csv:20260604T101513Z,high,source-backed exchange metadata from captured Vietcap IQ and/or HOSE universe dry-run files
TTE,HOSE,hose:exchange_listings.csv:20260603T080254Z|hose:symbol_universe.csv:20260603T080254Z|vietcap_iq:exchange_listings.csv:20260604T101513Z|vietcap_iq:symbol_universe.csv:20260604T101513Z,high,source-backed exchange metadata from captured Vietcap IQ and/or HOSE universe dry-run files
TTF,HOSE,hose:exchange_listings.csv:20260603T080254Z|hose:symbol_universe.csv:20260603T080254Z|vietcap_iq:exchange_listings.csv:20260604T101513Z|vietcap_iq:symbol_universe.csv:20260604T101513Z,high,source-backed exchange metadata from captured Vietcap IQ and/or HOSE universe dry-run files
TTG,UPCOM,vietcap_iq:exchange_listings.csv:20260604T101513Z|vietcap_iq:symbol_universe.csv:20260604T101513Z,high,source-backed exchange metadata from captured Vietcap IQ and/or HOSE universe dry-run files
TTH,HNX,vietcap_iq:exchange_listings.csv:20260604T101513Z|vietcap_iq:symbol_universe.csv:20260604T101513Z,high,source-backed exchange metadata from captured Vietcap IQ and/or HOSE universe dry-run files
TTL,HNX,vietcap_iq:exchange_listings.csv:20260604T101513Z|vietcap_iq:symbol_universe.csv:20260604T101513Z,high,source-backed exchange metadata from captured Vietcap IQ and/or HOSE universe dry-run files
TTN,UPCOM,vietcap_iq:exchange_listings.csv:20260604T101513Z|vietcap_iq:symbol_universe.csv:20260604T101513Z,high,source-backed exchange metadata from captured Vietcap IQ and/or HOSE universe dry-run files
TTS,UPCOM,vietcap_iq:exchange_listings.csv:20260604T101513Z|vietcap_iq:symbol_universe.csv:20260604T101513Z,high,source-backed exchange metadata from captured Vietcap IQ and/or HOSE universe dry-run files
TTT,HNX,vietcap_iq:exchange_listings.csv:20260604T101513Z|vietcap_iq:symbol_universe.csv:20260604T101513Z,high,source-backed exchange metadata from captured Vietcap IQ and/or HOSE universe dry-run files
TTZ,UPCOM,vietcap_iq:exchange_listings.csv:20260604T101513Z|vietcap_iq:symbol_universe.csv:20260604T101513Z,high,source-backed exchange metadata from captured Vietcap IQ and/or HOSE universe dry-run files
TUG,UPCOM,vietcap_iq:exchange_listings.csv:20260604T101513Z|vietcap_iq:symbol_universe.csv:20260604T101513Z,high,source-backed exchange metadata from captured Vietcap IQ and/or HOSE universe dry-run files
TV1,UPCOM,vietcap_iq:exchange_listings.csv:20260604T101513Z|vietcap_iq:symbol_universe.csv:20260604T101513Z,high,source-backed exchange metadata from captured Vietcap IQ and/or HOSE universe dry-run files
TV2,HOSE,hose:exchange_listings.csv:20260603T080254Z|hose:symbol_universe.csv:20260603T080254Z|vietcap_iq:exchange_listings.csv:20260604T101513Z|vietcap_iq:symbol_universe.csv:20260604T101513Z,high,source-backed exchange metadata from captured Vietcap IQ and/or HOSE universe dry-run files
TV3,HNX,vietcap_iq:exchange_listings.csv:20260604T101513Z|vietcap_iq:symbol_universe.csv:20260604T101513Z,high,source-backed exchange metadata from captured Vietcap IQ and/or HOSE universe dry-run files
TV4,HNX,vietcap_iq:exchange_listings.csv:20260604T101513Z|vietcap_iq:symbol_universe.csv:20260604T101513Z,high,source-backed exchange metadata from captured Vietcap IQ and/or HOSE universe dry-run files
TV6,UPCOM,vietcap_iq:exchange_listings.csv:20260604T101513Z|vietcap_iq:symbol_universe.csv:20260604T101513Z,high,source-backed exchange metadata from captured Vietcap IQ and/or HOSE universe dry-run files
TVA,UPCOM,vietcap_iq:exchange_listings.csv:20260604T101513Z|vietcap_iq:symbol_universe.csv:20260604T101513Z,high,source-backed exchange metadata from captured Vietcap IQ and/or HOSE universe dry-run files
TVB,HOSE,hose:exchange_listings.csv:20260603T080254Z|hose:symbol_universe.csv:20260603T080254Z|vietcap_iq:exchange_listings.csv:20260604T101513Z|vietcap_iq:symbol_universe.csv:20260604T101513Z,high,source-backed exchange metadata from captured Vietcap IQ and/or HOSE universe dry-run files
TVC,HNX,vietcap_iq:exchange_listings.csv:20260604T101513Z|vietcap_iq:symbol_universe.csv:20260604T101513Z,high,source-backed exchange metadata from captured Vietcap IQ and/or HOSE universe dry-run files
TVD,HNX,vietcap_iq:exchange_listings.csv:20260604T101513Z|vietcap_iq:symbol_universe.csv:20260604T101513Z,high,source-backed exchange metadata from captured Vietcap IQ and/or HOSE universe dry-run files
TVG,UPCOM,vietcap_iq:exchange_listings.csv:20260604T101513Z|vietcap_iq:symbol_universe.csv:20260604T101513Z,high,source-backed exchange metadata from captured Vietcap IQ and/or HOSE universe dry-run files
TVH,UPCOM,vietcap_iq:exchange_listings.csv:20260604T101513Z|vietcap_iq:symbol_universe.csv:20260604T101513Z,high,source-backed exchange metadata from captured Vietcap IQ and/or HOSE universe dry-run files
TVM,UPCOM,vietcap_iq:exchange_listings.csv:20260604T101513Z|vietcap_iq:symbol_universe.csv:20260604T101513Z,high,source-backed exchange metadata from captured Vietcap IQ and/or HOSE universe dry-run files
TVN,UPCOM,vietcap_iq:exchange_listings.csv:20260604T101513Z|vietcap_iq:symbol_universe.csv:20260604T101513Z,high,source-backed exchange metadata from captured Vietcap IQ and/or HOSE universe dry-run files
TVS,HOSE,hose:exchange_listings.csv:20260603T080254Z|hose:symbol_universe.csv:20260603T080254Z|vietcap_iq:exchange_listings.csv:20260604T101513Z|vietcap_iq:symbol_universe.csv:20260604T101513Z,high,source-backed exchange metadata from captured Vietcap IQ and/or HOSE universe dry-run files
TVT,HOSE,hose:exchange_listings.csv:20260603T080254Z|hose:symbol_universe.csv:20260603T080254Z|vietcap_iq:exchange_listings.csv:20260604T101513Z|vietcap_iq:symbol_universe.csv:20260604T101513Z,high,source-backed exchange metadata from captured Vietcap IQ and/or HOSE universe dry-run files
TW3,UPCOM,vietcap_iq:exchange_listings.csv:20260604T101513Z|vietcap_iq:symbol_universe.csv:20260604T101513Z,high,source-backed exchange metadata from captured Vietcap IQ and/or HOSE universe dry-run files
TXM,HNX,vietcap_iq:exchange_listings.csv:20260604T101513Z|vietcap_iq:symbol_universe.csv:20260604T101513Z,high,source-backed exchange metadata from captured Vietcap IQ and/or HOSE universe dry-run files
TYA,HOSE,hose:exchange_listings.csv:20260603T080254Z|hose:symbol_universe.csv:20260603T080254Z|vietcap_iq:exchange_listings.csv:20260604T101513Z|vietcap_iq:symbol_universe.csv:20260604T101513Z,high,source-backed exchange metadata from captured Vietcap IQ and/or HOSE universe dry-run files
UCT,UPCOM,vietcap_iq:exchange_listings.csv:20260604T101513Z|vietcap_iq:symbol_universe.csv:20260604T101513Z,high,source-backed exchange metadata from captured Vietcap IQ and/or HOSE universe dry-run files
UDC,UPCOM,vietcap_iq:exchange_listings.csv:20260604T101513Z|vietcap_iq:symbol_universe.csv:20260604T101513Z,high,source-backed exchange metadata from captured Vietcap IQ and/or HOSE universe dry-run files
UDJ,UPCOM,vietcap_iq:exchange_listings.csv:20260604T101513Z|vietcap_iq:symbol_universe.csv:20260604T101513Z,high,source-backed exchange metadata from captured Vietcap IQ and/or HOSE universe dry-run files
UDL,UPCOM,vietcap_iq:exchange_listings.csv:20260604T101513Z|vietcap_iq:symbol_universe.csv:20260604T101513Z,high,source-backed exchange metadata from captured Vietcap IQ and/or HOSE universe dry-run files
UEM,UPCOM,vietcap_iq:exchange_listings.csv:20260604T101513Z|vietcap_iq:symbol_universe.csv:20260604T101513Z,high,source-backed exchange metadata from captured Vietcap IQ and/or HOSE universe dry-run files
UIC,HOSE,hose:exchange_listings.csv:20260603T080254Z|hose:symbol_universe.csv:20260603T080254Z|vietcap_iq:exchange_listings.csv:20260604T101513Z|vietcap_iq:symbol_universe.csv:20260604T101513Z,high,source-backed exchange metadata from captured Vietcap IQ and/or HOSE universe dry-run files
UMC,UPCOM,vietcap_iq:exchange_listings.csv:20260604T101513Z|vietcap_iq:symbol_universe.csv:20260604T101513Z,high,source-backed exchange metadata from captured Vietcap IQ and/or HOSE universe dry-run files
UNI,HNX,vietcap_iq:exchange_listings.csv:20260604T101513Z|vietcap_iq:symbol_universe.csv:20260604T101513Z,high,source-backed exchange metadata from captured Vietcap IQ and/or HOSE universe dry-run files
UPC,UPCOM,vietcap_iq:exchange_listings.csv:20260604T101513Z|vietcap_iq:symbol_universe.csv:20260604T101513Z,high,source-backed exchange metadata from captured Vietcap IQ and/or HOSE universe dry-run files
UPH,UPCOM,vietcap_iq:exchange_listings.csv:20260604T101513Z|vietcap_iq:symbol_universe.csv:20260604T101513Z,high,source-backed exchange metadata from captured Vietcap IQ and/or HOSE universe dry-run files
UPS,UPCOM,vietcap_iq:exchange_listings.csv:20260604T101513Z|vietcap_iq:symbol_universe.csv:20260604T101513Z,high,source-backed exchange metadata from captured Vietcap IQ and/or HOSE universe dry-run files
USC,UPCOM,vietcap_iq:exchange_listings.csv:20260604T101513Z|vietcap_iq:symbol_universe.csv:20260604T101513Z,high,source-backed exchange metadata from captured Vietcap IQ and/or HOSE universe dry-run files
USD,UPCOM,vietcap_iq:exchange_listings.csv:20260604T101513Z|vietcap_iq:symbol_universe.csv:20260604T101513Z,high,source-backed exchange metadata from captured Vietcap IQ and/or HOSE universe dry-run files
UXC,UPCOM,vietcap_iq:exchange_listings.csv:20260604T101513Z|vietcap_iq:symbol_universe.csv:20260604T101513Z,high,source-backed exchange metadata from captured Vietcap IQ and/or HOSE universe dry-run files
V12,HNX,vietcap_iq:exchange_listings.csv:20260604T101513Z|vietcap_iq:symbol_universe.csv:20260604T101513Z,high,source-backed exchange metadata from captured Vietcap IQ and/or HOSE universe dry-run files
V21,HNX,vietcap_iq:exchange_listings.csv:20260604T101513Z|vietcap_iq:symbol_universe.csv:20260604T101513Z,high,source-backed exchange metadata from captured Vietcap IQ and/or HOSE universe dry-run files
VAB,HOSE,hose:exchange_listings.csv:20260603T080254Z|hose:symbol_universe.csv:20260603T080254Z|vietcap_iq:exchange_listings.csv:20260604T101513Z|vietcap_iq:symbol_universe.csv:20260604T101513Z,high,source-backed exchange metadata from captured Vietcap IQ and/or HOSE universe dry-run files
VAF,UPCOM,vietcap_iq:exchange_listings.csv:20260604T101513Z|vietcap_iq:symbol_universe.csv:20260604T101513Z,high,source-backed exchange metadata from captured Vietcap IQ and/or HOSE universe dry-run files
VAV,UPCOM,vietcap_iq:exchange_listings.csv:20260604T101513Z|vietcap_iq:symbol_universe.csv:20260604T101513Z,high,source-backed exchange metadata from captured Vietcap IQ and/or HOSE universe dry-run files
VBB,UPCOM,vietcap_iq:exchange_listings.csv:20260604T101513Z|vietcap_iq:symbol_universe.csv:20260604T101513Z,high,source-backed exchange metadata from captured Vietcap IQ and/or HOSE universe dry-run files
VBC,HNX,vietcap_iq:exchange_listings.csv:20260604T101513Z|vietcap_iq:symbol_universe.csv:20260604T101513Z,high,source-backed exchange metadata from captured Vietcap IQ and/or HOSE universe dry-run files
VBG,UPCOM,vietcap_iq:exchange_listings.csv:20260604T101513Z|vietcap_iq:symbol_universe.csv:20260604T101513Z,high,source-backed exchange metadata from captured Vietcap IQ and/or HOSE universe dry-run files
VBH,UPCOM,vietcap_iq:exchange_listings.csv:20260604T101513Z|vietcap_iq:symbol_universe.csv:20260604T101513Z,high,source-backed exchange metadata from captured Vietcap IQ and/or HOSE universe dry-run files
VBT,UPCOM,vietcap_iq:exchange_listings.csv:20260604T101513Z|vietcap_iq:symbol_universe.csv:20260604T101513Z,high,source-backed exchange metadata from captured Vietcap IQ and/or HOSE universe dry-run files
VC1,HNX,vietcap_iq:exchange_listings.csv:20260604T101513Z|vietcap_iq:symbol_universe.csv:20260604T101513Z,high,source-backed exchange metadata from captured Vietcap IQ and/or HOSE universe dry-run files
VC2,HNX,vietcap_iq:exchange_listings.csv:20260604T101513Z|vietcap_iq:symbol_universe.csv:20260604T101513Z,high,source-backed exchange metadata from captured Vietcap IQ and/or HOSE universe dry-run files
VC3,HNX,vietcap_iq:exchange_listings.csv:20260604T101513Z|vietcap_iq:symbol_universe.csv:20260604T101513Z,high,source-backed exchange metadata from captured Vietcap IQ and/or HOSE universe dry-run files
VC6,HNX,vietcap_iq:exchange_listings.csv:20260604T101513Z|vietcap_iq:symbol_universe.csv:20260604T101513Z,high,source-backed exchange metadata from captured Vietcap IQ and/or HOSE universe dry-run files
VC7,HNX,vietcap_iq:exchange_listings.csv:20260604T101513Z|vietcap_iq:symbol_universe.csv:20260604T101513Z,high,source-backed exchange metadata from captured Vietcap IQ and/or HOSE universe dry-run files
VC9,HNX,vietcap_iq:exchange_listings.csv:20260604T101513Z|vietcap_iq:symbol_universe.csv:20260604T101513Z,high,source-backed exchange metadata from captured Vietcap IQ and/or HOSE universe dry-run files
VCA,HOSE,hose:exchange_listings.csv:20260603T080254Z|hose:symbol_universe.csv:20260603T080254Z|vietcap_iq:exchange_listings.csv:20260604T101513Z|vietcap_iq:symbol_universe.csv:20260604T101513Z,high,source-backed exchange metadata from captured Vietcap IQ and/or HOSE universe dry-run files
VCB,HOSE,hose:exchange_listings.csv:20260603T080254Z|hose:symbol_universe.csv:20260603T080254Z|vietcap_iq:exchange_listings.csv:20260604T101513Z|vietcap_iq:symbol_universe.csv:20260604T101513Z,high,source-backed exchange metadata from captured Vietcap IQ and/or HOSE universe dry-run files
VCC,HNX,vietcap_iq:exchange_listings.csv:20260604T101513Z|vietcap_iq:symbol_universe.csv:20260604T101513Z,high,source-backed exchange metadata from captured Vietcap IQ and/or HOSE universe dry-run files
VCE,UPCOM,vietcap_iq:exchange_listings.csv:20260604T101513Z|vietcap_iq:symbol_universe.csv:20260604T101513Z,high,source-backed exchange metadata from captured Vietcap IQ and/or HOSE universe dry-run files
VCF,HOSE,hose:exchange_listings.csv:20260603T080254Z|hose:symbol_universe.csv:20260603T080254Z|vietcap_iq:exchange_listings.csv:20260604T101513Z|vietcap_iq:symbol_universe.csv:20260604T101513Z,high,source-backed exchange metadata from captured Vietcap IQ and/or HOSE universe dry-run files
VCG,HOSE,hose:exchange_listings.csv:20260603T080254Z|hose:symbol_universe.csv:20260603T080254Z|vietcap_iq:exchange_listings.csv:20260604T101513Z|vietcap_iq:symbol_universe.csv:20260604T101513Z,high,source-backed exchange metadata from captured Vietcap IQ and/or HOSE universe dry-run files
VCI,HOSE,hose:exchange_listings.csv:20260603T080254Z|hose:symbol_universe.csv:20260603T080254Z|vietcap_iq:exchange_listings.csv:20260604T101513Z|vietcap_iq:symbol_universe.csv:20260604T101513Z,high,source-backed exchange metadata from captured Vietcap IQ and/or HOSE universe dry-run files
VCK,HOSE,hose:exchange_listings.csv:20260603T080254Z|hose:symbol_universe.csv:20260603T080254Z|vietcap_iq:exchange_listings.csv:20260604T101513Z|vietcap_iq:symbol_universe.csv:20260604T101513Z,high,source-backed exchange metadata from captured Vietcap IQ and/or HOSE universe dry-run files
VCM,HNX,vietcap_iq:exchange_listings.csv:20260604T101513Z|vietcap_iq:symbol_universe.csv:20260604T101513Z,high,source-backed exchange metadata from captured Vietcap IQ and/or HOSE universe dry-run files
VCP,UPCOM,vietcap_iq:exchange_listings.csv:20260604T101513Z|vietcap_iq:symbol_universe.csv:20260604T101513Z,high,source-backed exchange metadata from captured Vietcap IQ and/or HOSE universe dry-run files
VCR,UPCOM,vietcap_iq:exchange_listings.csv:20260604T101513Z|vietcap_iq:symbol_universe.csv:20260604T101513Z,high,source-backed exchange metadata from captured Vietcap IQ and/or HOSE universe dry-run files
VCS,HNX,vietcap_iq:exchange_listings.csv:20260604T101513Z|vietcap_iq:symbol_universe.csv:20260604T101513Z,high,source-backed exchange metadata from captured Vietcap IQ and/or HOSE universe dry-run files
VCT,UPCOM,vietcap_iq:exchange_listings.csv:20260604T101513Z|vietcap_iq:symbol_universe.csv:20260604T101513Z,high,source-backed exchange metadata from captured Vietcap IQ and/or HOSE universe dry-run files
VCX,UPCOM,vietcap_iq:exchange_listings.csv:20260604T101513Z|vietcap_iq:symbol_universe.csv:20260604T101513Z,high,source-backed exchange metadata from captured Vietcap IQ and/or HOSE universe dry-run files
VDB,UPCOM,vietcap_iq:exchange_listings.csv:20260604T101513Z|vietcap_iq:symbol_universe.csv:20260604T101513Z,high,source-backed exchange metadata from captured Vietcap IQ and/or HOSE universe dry-run files
VDG,UPCOM,vietcap_iq:exchange_listings.csv:20260604T101513Z|vietcap_iq:symbol_universe.csv:20260604T101513Z,high,source-backed exchange metadata from captured Vietcap IQ and/or HOSE universe dry-run files
VDL,HNX,vietcap_iq:exchange_listings.csv:20260604T101513Z|vietcap_iq:symbol_universe.csv:20260604T101513Z,high,source-backed exchange metadata from captured Vietcap IQ and/or HOSE universe dry-run files
VDN,UPCOM,vietcap_iq:exchange_listings.csv:20260604T101513Z|vietcap_iq:symbol_universe.csv:20260604T101513Z,high,source-backed exchange metadata from captured Vietcap IQ and/or HOSE universe dry-run files
VDP,HOSE,hose:exchange_listings.csv:20260603T080254Z|hose:symbol_universe.csv:20260603T080254Z|vietcap_iq:exchange_listings.csv:20260604T101513Z|vietcap_iq:symbol_universe.csv:20260604T101513Z,high,source-backed exchange metadata from captured Vietcap IQ and/or HOSE universe dry-run files
VDS,HOSE,hose:exchange_listings.csv:20260603T080254Z|hose:symbol_universe.csv:20260603T080254Z|vietcap_iq:exchange_listings.csv:20260604T101513Z|vietcap_iq:symbol_universe.csv:20260604T101513Z,high,source-backed exchange metadata from captured Vietcap IQ and/or HOSE universe dry-run files
VDT,UPCOM,vietcap_iq:exchange_listings.csv:20260604T101513Z|vietcap_iq:symbol_universe.csv:20260604T101513Z,high,source-backed exchange metadata from captured Vietcap IQ and/or HOSE universe dry-run files
VE1,HNX,vietcap_iq:exchange_listings.csv:20260604T101513Z|vietcap_iq:symbol_universe.csv:20260604T101513Z,high,source-backed exchange metadata from captured Vietcap IQ and/or HOSE universe dry-run files
VE2,UPCOM,vietcap_iq:exchange_listings.csv:20260604T101513Z|vietcap_iq:symbol_universe.csv:20260604T101513Z,high,source-backed exchange metadata from captured Vietcap IQ and/or HOSE universe dry-run files
VE3,HNX,vietcap_iq:exchange_listings.csv:20260604T101513Z|vietcap_iq:symbol_universe.csv:20260604T101513Z,high,source-backed exchange metadata from captured Vietcap IQ and/or HOSE universe dry-run files
VE4,HNX,vietcap_iq:exchange_listings.csv:20260604T101513Z|vietcap_iq:symbol_universe.csv:20260604T101513Z,high,source-backed exchange metadata from captured Vietcap IQ and/or HOSE universe dry-run files
VE8,UPCOM,vietcap_iq:exchange_listings.csv:20260604T101513Z|vietcap_iq:symbol_universe.csv:20260604T101513Z,high,source-backed exchange metadata from captured Vietcap IQ and/or HOSE universe dry-run files
VE9,UPCOM,vietcap_iq:exchange_listings.csv:20260604T101513Z|vietcap_iq:symbol_universe.csv:20260604T101513Z,high,source-backed exchange metadata from captured Vietcap IQ and/or HOSE universe dry-run files
VEA,UPCOM,vietcap_iq:exchange_listings.csv:20260604T101513Z|vietcap_iq:symbol_universe.csv:20260604T101513Z,high,source-backed exchange metadata from captured Vietcap IQ and/or HOSE universe dry-run files
VEC,UPCOM,vietcap_iq:exchange_listings.csv:20260604T101513Z|vietcap_iq:symbol_universe.csv:20260604T101513Z,high,source-backed exchange metadata from captured Vietcap IQ and/or HOSE universe dry-run files
VEF,UPCOM,vietcap_iq:exchange_listings.csv:20260604T101513Z|vietcap_iq:symbol_universe.csv:20260604T101513Z,high,source-backed exchange metadata from captured Vietcap IQ and/or HOSE universe dry-run files
VES,UPCOM,vietcap_iq:exchange_listings.csv:20260604T101513Z|vietcap_iq:symbol_universe.csv:20260604T101513Z,high,source-backed exchange metadata from captured Vietcap IQ and/or HOSE universe dry-run files
VET,UPCOM,vietcap_iq:exchange_listings.csv:20260604T101513Z|vietcap_iq:symbol_universe.csv:20260604T101513Z,high,source-backed exchange metadata from captured Vietcap IQ and/or HOSE universe dry-run files
VFC,UPCOM,vietcap_iq:exchange_listings.csv:20260604T101513Z|vietcap_iq:symbol_universe.csv:20260604T101513Z,high,source-backed exchange metadata from captured Vietcap IQ and/or HOSE universe dry-run files
VFG,HOSE,hose:exchange_listings.csv:20260603T080254Z|hose:symbol_universe.csv:20260603T080254Z|vietcap_iq:exchange_listings.csv:20260604T101513Z|vietcap_iq:symbol_universe.csv:20260604T101513Z,high,source-backed exchange metadata from captured Vietcap IQ and/or HOSE universe dry-run files
VFR,UPCOM,vietcap_iq:exchange_listings.csv:20260604T101513Z|vietcap_iq:symbol_universe.csv:20260604T101513Z,high,source-backed exchange metadata from captured Vietcap IQ and/or HOSE universe dry-run files
VFS,HNX,vietcap_iq:exchange_listings.csv:20260604T101513Z|vietcap_iq:symbol_universe.csv:20260604T101513Z,high,source-backed exchange metadata from captured Vietcap IQ and/or HOSE universe dry-run files
VGC,HOSE,hose:exchange_listings.csv:20260603T080254Z|hose:symbol_universe.csv:20260603T080254Z|vietcap_iq:exchange_listings.csv:20260604T101513Z|vietcap_iq:symbol_universe.csv:20260604T101513Z,high,source-backed exchange metadata from captured Vietcap IQ and/or HOSE universe dry-run files
VGG,UPCOM,vietcap_iq:exchange_listings.csv:20260604T101513Z|vietcap_iq:symbol_universe.csv:20260604T101513Z,high,source-backed exchange metadata from captured Vietcap IQ and/or HOSE universe dry-run files
VGI,UPCOM,vietcap_iq:exchange_listings.csv:20260604T101513Z|vietcap_iq:symbol_universe.csv:20260604T101513Z,high,source-backed exchange metadata from captured Vietcap IQ and/or HOSE universe dry-run files
VGL,UPCOM,vietcap_iq:exchange_listings.csv:20260604T101513Z|vietcap_iq:symbol_universe.csv:20260604T101513Z,high,source-backed exchange metadata from captured Vietcap IQ and/or HOSE universe dry-run files
VGP,HNX,vietcap_iq:exchange_listings.csv:20260604T101513Z|vietcap_iq:symbol_universe.csv:20260604T101513Z,high,source-backed exchange metadata from captured Vietcap IQ and/or HOSE universe dry-run files
VGR,UPCOM,vietcap_iq:exchange_listings.csv:20260604T101513Z|vietcap_iq:symbol_universe.csv:20260604T101513Z,high,source-backed exchange metadata from captured Vietcap IQ and/or HOSE universe dry-run files
VGS,HNX,vietcap_iq:exchange_listings.csv:20260604T101513Z|vietcap_iq:symbol_universe.csv:20260604T101513Z,high,source-backed exchange metadata from captured Vietcap IQ and/or HOSE universe dry-run files
VGT,UPCOM,vietcap_iq:exchange_listings.csv:20260604T101513Z|vietcap_iq:symbol_universe.csv:20260604T101513Z,high,source-backed exchange metadata from captured Vietcap IQ and/or HOSE universe dry-run files
VGV,UPCOM,vietcap_iq:exchange_listings.csv:20260604T101513Z|vietcap_iq:symbol_universe.csv:20260604T101513Z,high,source-backed exchange metadata from captured Vietcap IQ and/or HOSE universe dry-run files
VHC,HOSE,hose:exchange_listings.csv:20260603T080254Z|hose:symbol_universe.csv:20260603T080254Z|vietcap_iq:exchange_listings.csv:20260604T101513Z|vietcap_iq:symbol_universe.csv:20260604T101513Z,high,source-backed exchange metadata from captured Vietcap IQ and/or HOSE universe dry-run files
VHD,UPCOM,vietcap_iq:exchange_listings.csv:20260604T101513Z|vietcap_iq:symbol_universe.csv:20260604T101513Z,high,source-backed exchange metadata from captured Vietcap IQ and/or HOSE universe dry-run files
VHE,HNX,vietcap_iq:exchange_listings.csv:20260604T101513Z|vietcap_iq:symbol_universe.csv:20260604T101513Z,high,source-backed exchange metadata from captured Vietcap IQ and/or HOSE universe dry-run files
VHF,UPCOM,vietcap_iq:exchange_listings.csv:20260604T101513Z|vietcap_iq:symbol_universe.csv:20260604T101513Z,high,source-backed exchange metadata from captured Vietcap IQ and/or HOSE universe dry-run files
VHG,UPCOM,vietcap_iq:exchange_listings.csv:20260604T101513Z|vietcap_iq:symbol_universe.csv:20260604T101513Z,high,source-backed exchange metadata from captured Vietcap IQ and/or HOSE universe dry-run files
VHH,UPCOM,vietcap_iq:exchange_listings.csv:20260604T101513Z|vietcap_iq:symbol_universe.csv:20260604T101513Z,high,source-backed exchange metadata from captured Vietcap IQ and/or HOSE universe dry-run files
VHL,HNX,vietcap_iq:exchange_listings.csv:20260604T101513Z|vietcap_iq:symbol_universe.csv:20260604T101513Z,high,source-backed exchange metadata from captured Vietcap IQ and/or HOSE universe dry-run files
VHM,HOSE,hose:exchange_listings.csv:20260603T080254Z|hose:symbol_universe.csv:20260603T080254Z|vietcap_iq:exchange_listings.csv:20260604T101513Z|vietcap_iq:symbol_universe.csv:20260604T101513Z,high,source-backed exchange metadata from captured Vietcap IQ and/or HOSE universe dry-run files
VIB,HOSE,hose:exchange_listings.csv:20260603T080254Z|hose:symbol_universe.csv:20260603T080254Z|vietcap_iq:exchange_listings.csv:20260604T101513Z|vietcap_iq:symbol_universe.csv:20260604T101513Z,high,source-backed exchange metadata from captured Vietcap IQ and/or HOSE universe dry-run files
VIC,HOSE,hose:exchange_listings.csv:20260603T080254Z|hose:symbol_universe.csv:20260603T080254Z|vietcap_iq:exchange_listings.csv:20260604T101513Z|vietcap_iq:symbol_universe.csv:20260604T101513Z,high,source-backed exchange metadata from captured Vietcap IQ and/or HOSE universe dry-run files
VID,HOSE,hose:exchange_listings.csv:20260603T080254Z|hose:symbol_universe.csv:20260603T080254Z|vietcap_iq:exchange_listings.csv:20260604T101513Z|vietcap_iq:symbol_universe.csv:20260604T101513Z,high,source-backed exchange metadata from captured Vietcap IQ and/or HOSE universe dry-run files
VIE,UPCOM,vietcap_iq:exchange_listings.csv:20260604T101513Z|vietcap_iq:symbol_universe.csv:20260604T101513Z,high,source-backed exchange metadata from captured Vietcap IQ and/or HOSE universe dry-run files
VIF,HNX,vietcap_iq:exchange_listings.csv:20260604T101513Z|vietcap_iq:symbol_universe.csv:20260604T101513Z,high,source-backed exchange metadata from captured Vietcap IQ and/or HOSE universe dry-run files
VIG,HNX,vietcap_iq:exchange_listings.csv:20260604T101513Z|vietcap_iq:symbol_universe.csv:20260604T101513Z,high,source-backed exchange metadata from captured Vietcap IQ and/or HOSE universe dry-run files
VIM,UPCOM,vietcap_iq:exchange_listings.csv:20260604T101513Z|vietcap_iq:symbol_universe.csv:20260604T101513Z,high,source-backed exchange metadata from captured Vietcap IQ and/or HOSE universe dry-run files
VIN,UPCOM,vietcap_iq:exchange_listings.csv:20260604T101513Z|vietcap_iq:symbol_universe.csv:20260604T101513Z,high,source-backed exchange metadata from captured Vietcap IQ and/or HOSE universe dry-run files
VIP,HOSE,hose:exchange_listings.csv:20260603T080254Z|hose:symbol_universe.csv:20260603T080254Z|vietcap_iq:exchange_listings.csv:20260604T101513Z|vietcap_iq:symbol_universe.csv:20260604T101513Z,high,source-backed exchange metadata from captured Vietcap IQ and/or HOSE universe dry-run files
VIR,UPCOM,vietcap_iq:exchange_listings.csv:20260604T101513Z|vietcap_iq:symbol_universe.csv:20260604T101513Z,high,source-backed exchange metadata from captured Vietcap IQ and/or HOSE universe dry-run files
VIT,HNX,vietcap_iq:exchange_listings.csv:20260604T101513Z|vietcap_iq:symbol_universe.csv:20260604T101513Z,high,source-backed exchange metadata from captured Vietcap IQ and/or HOSE universe dry-run files
VIW,UPCOM,vietcap_iq:exchange_listings.csv:20260604T101513Z|vietcap_iq:symbol_universe.csv:20260604T101513Z,high,source-backed exchange metadata from captured Vietcap IQ and/or HOSE universe dry-run files
VIX,HOSE,hose:exchange_listings.csv:20260603T080254Z|hose:symbol_universe.csv:20260603T080254Z|vietcap_iq:exchange_listings.csv:20260604T101513Z|vietcap_iq:symbol_universe.csv:20260604T101513Z,high,source-backed exchange metadata from captured Vietcap IQ and/or HOSE universe dry-run files
VJC,HOSE,hose:exchange_listings.csv:20260603T080254Z|hose:symbol_universe.csv:20260603T080254Z|vietcap_iq:exchange_listings.csv:20260604T101513Z|vietcap_iq:symbol_universe.csv:20260604T101513Z,high,source-backed exchange metadata from captured Vietcap IQ and/or HOSE universe dry-run files
VKC,UPCOM,vietcap_iq:exchange_listings.csv:20260604T101513Z|vietcap_iq:symbol_universe.csv:20260604T101513Z,high,source-backed exchange metadata from captured Vietcap IQ and/or HOSE universe dry-run files
VKP,UPCOM,vietcap_iq:exchange_listings.csv:20260604T101513Z|vietcap_iq:symbol_universe.csv:20260604T101513Z,high,source-backed exchange metadata from captured Vietcap IQ and/or HOSE universe dry-run files
VLA,HNX,vietcap_iq:exchange_listings.csv:20260604T101513Z|vietcap_iq:symbol_universe.csv:20260604T101513Z,high,source-backed exchange metadata from captured Vietcap IQ and/or HOSE universe dry-run files
VLB,UPCOM,vietcap_iq:exchange_listings.csv:20260604T101513Z|vietcap_iq:symbol_universe.csv:20260604T101513Z,high,source-backed exchange metadata from captured Vietcap IQ and/or HOSE universe dry-run files
VLC,UPCOM,vietcap_iq:exchange_listings.csv:20260604T101513Z|vietcap_iq:symbol_universe.csv:20260604T101513Z,high,source-backed exchange metadata from captured Vietcap IQ and/or HOSE universe dry-run files
VLG,UPCOM,vietcap_iq:exchange_listings.csv:20260604T101513Z|vietcap_iq:symbol_universe.csv:20260604T101513Z,high,source-backed exchange metadata from captured Vietcap IQ and/or HOSE universe dry-run files
VLP,UPCOM,vietcap_iq:exchange_listings.csv:20260604T101513Z|vietcap_iq:symbol_universe.csv:20260604T101513Z,high,source-backed exchange metadata from captured Vietcap IQ and/or HOSE universe dry-run files
VLS,UPCOM,vietcap_iq:exchange_listings.csv:20260604T101513Z|vietcap_iq:symbol_universe.csv:20260604T101513Z,high,source-backed exchange metadata from captured Vietcap IQ and/or HOSE universe dry-run files
VLW,UPCOM,vietcap_iq:exchange_listings.csv:20260604T101513Z|vietcap_iq:symbol_universe.csv:20260604T101513Z,high,source-backed exchange metadata from captured Vietcap IQ and/or HOSE universe dry-run files
VMA,UPCOM,vietcap_iq:exchange_listings.csv:20260604T101513Z|vietcap_iq:symbol_universe.csv:20260604T101513Z,high,source-backed exchange metadata from captured Vietcap IQ and/or HOSE universe dry-run files
VMC,HNX,vietcap_iq:exchange_listings.csv:20260604T101513Z|vietcap_iq:symbol_universe.csv:20260604T101513Z,high,source-backed exchange metadata from captured Vietcap IQ and/or HOSE universe dry-run files
VMD,HOSE,hose:exchange_listings.csv:20260603T080254Z|hose:symbol_universe.csv:20260603T080254Z|vietcap_iq:exchange_listings.csv:20260604T101513Z|vietcap_iq:symbol_universe.csv:20260604T101513Z,high,source-backed exchange metadata from captured Vietcap IQ and/or HOSE universe dry-run files
VMG,UPCOM,vietcap_iq:exchange_listings.csv:20260604T101513Z|vietcap_iq:symbol_universe.csv:20260604T101513Z,high,source-backed exchange metadata from captured Vietcap IQ and/or HOSE universe dry-run files
VMK,UPCOM,vietcap_iq:exchange_listings.csv:20260604T101513Z|vietcap_iq:symbol_universe.csv:20260604T101513Z,high,source-backed exchange metadata from captured Vietcap IQ and/or HOSE universe dry-run files
VMS,HNX,vietcap_iq:exchange_listings.csv:20260604T101513Z|vietcap_iq:symbol_universe.csv:20260604T101513Z,high,source-backed exchange metadata from captured Vietcap IQ and/or HOSE universe dry-run files
VMT,UPCOM,vietcap_iq:exchange_listings.csv:20260604T101513Z|vietcap_iq:symbol_universe.csv:20260604T101513Z,high,source-backed exchange metadata from captured Vietcap IQ and/or HOSE universe dry-run files
VNA,UPCOM,vietcap_iq:exchange_listings.csv:20260604T101513Z|vietcap_iq:symbol_universe.csv:20260604T101513Z,high,source-backed exchange metadata from captured Vietcap IQ and/or HOSE universe dry-run files
VNB,UPCOM,vietcap_iq:exchange_listings.csv:20260604T101513Z|vietcap_iq:symbol_universe.csv:20260604T101513Z,high,source-backed exchange metadata from captured Vietcap IQ and/or HOSE universe dry-run files
VNC,HNX,vietcap_iq:exchange_listings.csv:20260604T101513Z|vietcap_iq:symbol_universe.csv:20260604T101513Z,high,source-backed exchange metadata from captured Vietcap IQ and/or HOSE universe dry-run files
VND,HOSE,hose:exchange_listings.csv:20260603T080254Z|hose:symbol_universe.csv:20260603T080254Z|vietcap_iq:exchange_listings.csv:20260604T101513Z|vietcap_iq:symbol_universe.csv:20260604T101513Z,high,source-backed exchange metadata from captured Vietcap IQ and/or HOSE universe dry-run files
VNE,HOSE,hose:exchange_listings.csv:20260603T080254Z|hose:symbol_universe.csv:20260603T080254Z|vietcap_iq:exchange_listings.csv:20260604T101513Z|vietcap_iq:symbol_universe.csv:20260604T101513Z,high,source-backed exchange metadata from captured Vietcap IQ and/or HOSE universe dry-run files
VNF,HNX,vietcap_iq:exchange_listings.csv:20260604T101513Z|vietcap_iq:symbol_universe.csv:20260604T101513Z,high,source-backed exchange metadata from captured Vietcap IQ and/or HOSE universe dry-run files
VNG,HOSE,hose:exchange_listings.csv:20260603T080254Z|hose:symbol_universe.csv:20260603T080254Z|vietcap_iq:exchange_listings.csv:20260604T101513Z|vietcap_iq:symbol_universe.csv:20260604T101513Z,high,source-backed exchange metadata from captured Vietcap IQ and/or HOSE universe dry-run files
VNH,UPCOM,vietcap_iq:exchange_listings.csv:20260604T101513Z|vietcap_iq:symbol_universe.csv:20260604T101513Z,high,source-backed exchange metadata from captured Vietcap IQ and/or HOSE universe dry-run files
VNI,UPCOM,vietcap_iq:exchange_listings.csv:20260604T101513Z|vietcap_iq:symbol_universe.csv:20260604T101513Z,high,source-backed exchange metadata from captured Vietcap IQ and/or HOSE universe dry-run files
VNL,HOSE,hose:exchange_listings.csv:20260603T080254Z|hose:symbol_universe.csv:20260603T080254Z|vietcap_iq:exchange_listings.csv:20260604T101513Z|vietcap_iq:symbol_universe.csv:20260604T101513Z,high,source-backed exchange metadata from captured Vietcap IQ and/or HOSE universe dry-run files
VNM,HOSE,hose:exchange_listings.csv:20260603T080254Z|hose:symbol_universe.csv:20260603T080254Z|vietcap_iq:exchange_listings.csv:20260604T101513Z|vietcap_iq:symbol_universe.csv:20260604T101513Z,high,source-backed exchange metadata from captured Vietcap IQ and/or HOSE universe dry-run files
VNP,UPCOM,vietcap_iq:exchange_listings.csv:20260604T101513Z|vietcap_iq:symbol_universe.csv:20260604T101513Z,high,source-backed exchange metadata from captured Vietcap IQ and/or HOSE universe dry-run files
VNR,HNX,vietcap_iq:exchange_listings.csv:20260604T101513Z|vietcap_iq:symbol_universe.csv:20260604T101513Z,high,source-backed exchange metadata from captured Vietcap IQ and/or HOSE universe dry-run files
VNS,HOSE,hose:exchange_listings.csv:20260603T080254Z|hose:symbol_universe.csv:20260603T080254Z|vietcap_iq:exchange_listings.csv:20260604T101513Z|vietcap_iq:symbol_universe.csv:20260604T101513Z,high,source-backed exchange metadata from captured Vietcap IQ and/or HOSE universe dry-run files
VNT,HNX,vietcap_iq:exchange_listings.csv:20260604T101513Z|vietcap_iq:symbol_universe.csv:20260604T101513Z,high,source-backed exchange metadata from captured Vietcap IQ and/or HOSE universe dry-run files
VNX,UPCOM,vietcap_iq:exchange_listings.csv:20260604T101513Z|vietcap_iq:symbol_universe.csv:20260604T101513Z,high,source-backed exchange metadata from captured Vietcap IQ and/or HOSE universe dry-run files
VNY,UPCOM,vietcap_iq:exchange_listings.csv:20260604T101513Z|vietcap_iq:symbol_universe.csv:20260604T101513Z,high,source-backed exchange metadata from captured Vietcap IQ and/or HOSE universe dry-run files
VNZ,UPCOM,vietcap_iq:exchange_listings.csv:20260604T101513Z|vietcap_iq:symbol_universe.csv:20260604T101513Z,high,source-backed exchange metadata from captured Vietcap IQ and/or HOSE universe dry-run files
VOS,HOSE,hose:exchange_listings.csv:20260603T080254Z|hose:symbol_universe.csv:20260603T080254Z|vietcap_iq:exchange_listings.csv:20260604T101513Z|vietcap_iq:symbol_universe.csv:20260604T101513Z,high,source-backed exchange metadata from captured Vietcap IQ and/or HOSE universe dry-run files
VPA,UPCOM,vietcap_iq:exchange_listings.csv:20260604T101513Z|vietcap_iq:symbol_universe.csv:20260604T101513Z,high,source-backed exchange metadata from captured Vietcap IQ and/or HOSE universe dry-run files
VPB,HOSE,hose:exchange_listings.csv:20260603T080254Z|hose:symbol_universe.csv:20260603T080254Z|vietcap_iq:exchange_listings.csv:20260604T101513Z|vietcap_iq:symbol_universe.csv:20260604T101513Z,high,source-backed exchange metadata from captured Vietcap IQ and/or HOSE universe dry-run files
VPC,UPCOM,vietcap_iq:exchange_listings.csv:20260604T101513Z|vietcap_iq:symbol_universe.csv:20260604T101513Z,high,source-backed exchange metadata from captured Vietcap IQ and/or HOSE universe dry-run files
VPD,HOSE,hose:exchange_listings.csv:20260603T080254Z|hose:symbol_universe.csv:20260603T080254Z|vietcap_iq:exchange_listings.csv:20260604T101513Z|vietcap_iq:symbol_universe.csv:20260604T101513Z,high,source-backed exchange metadata from captured Vietcap IQ and/or HOSE universe dry-run files
VPG,HOSE,hose:exchange_listings.csv:20260603T080254Z|hose:symbol_universe.csv:20260603T080254Z|vietcap_iq:exchange_listings.csv:20260604T101513Z|vietcap_iq:symbol_universe.csv:20260604T101513Z,high,source-backed exchange metadata from captured Vietcap IQ and/or HOSE universe dry-run files
VPH,HOSE,hose:exchange_listings.csv:20260603T080254Z|hose:symbol_universe.csv:20260603T080254Z|vietcap_iq:exchange_listings.csv:20260604T101513Z|vietcap_iq:symbol_universe.csv:20260604T101513Z,high,source-backed exchange metadata from captured Vietcap IQ and/or HOSE universe dry-run files
VPI,HOSE,hose:exchange_listings.csv:20260603T080254Z|hose:symbol_universe.csv:20260603T080254Z|vietcap_iq:exchange_listings.csv:20260604T101513Z|vietcap_iq:symbol_universe.csv:20260604T101513Z,high,source-backed exchange metadata from captured Vietcap IQ and/or HOSE universe dry-run files
VPL,HOSE,hose:exchange_listings.csv:20260603T080254Z|hose:symbol_universe.csv:20260603T080254Z|vietcap_iq:exchange_listings.csv:20260604T101513Z|vietcap_iq:symbol_universe.csv:20260604T101513Z,high,source-backed exchange metadata from captured Vietcap IQ and/or HOSE universe dry-run files
VPR,UPCOM,vietcap_iq:exchange_listings.csv:20260604T101513Z|vietcap_iq:symbol_universe.csv:20260604T101513Z,high,source-backed exchange metadata from captured Vietcap IQ and/or HOSE universe dry-run files
VPS,HOSE,hose:exchange_listings.csv:20260603T080254Z|hose:symbol_universe.csv:20260603T080254Z|vietcap_iq:exchange_listings.csv:20260604T101513Z|vietcap_iq:symbol_universe.csv:20260604T101513Z,high,source-backed exchange metadata from captured Vietcap IQ and/or HOSE universe dry-run files
VPW,UPCOM,vietcap_iq:exchange_listings.csv:20260604T101513Z|vietcap_iq:symbol_universe.csv:20260604T101513Z,high,source-backed exchange metadata from captured Vietcap IQ and/or HOSE universe dry-run files
VPX,HOSE,hose:exchange_listings.csv:20260603T080254Z|hose:symbol_universe.csv:20260603T080254Z|vietcap_iq:exchange_listings.csv:20260604T101513Z|vietcap_iq:symbol_universe.csv:20260604T101513Z,high,source-backed exchange metadata from captured Vietcap IQ and/or HOSE universe dry-run files
VQC,UPCOM,vietcap_iq:exchange_listings.csv:20260604T101513Z|vietcap_iq:symbol_universe.csv:20260604T101513Z,high,source-backed exchange metadata from captured Vietcap IQ and/or HOSE universe dry-run files
VRC,HOSE,hose:exchange_listings.csv:20260603T080254Z|hose:symbol_universe.csv:20260603T080254Z|vietcap_iq:exchange_listings.csv:20260604T101513Z|vietcap_iq:symbol_universe.csv:20260604T101513Z,high,source-backed exchange metadata from captured Vietcap IQ and/or HOSE universe dry-run files
VRE,HOSE,hose:exchange_listings.csv:20260603T080254Z|hose:symbol_universe.csv:20260603T080254Z|vietcap_iq:exchange_listings.csv:20260604T101513Z|vietcap_iq:symbol_universe.csv:20260604T101513Z,high,source-backed exchange metadata from captured Vietcap IQ and/or HOSE universe dry-run files
VRG,UPCOM,vietcap_iq:exchange_listings.csv:20260604T101513Z|vietcap_iq:symbol_universe.csv:20260604T101513Z,high,source-backed exchange metadata from captured Vietcap IQ and/or HOSE universe dry-run files
VSA,HNX,vietcap_iq:exchange_listings.csv:20260604T101513Z|vietcap_iq:symbol_universe.csv:20260604T101513Z,high,source-backed exchange metadata from captured Vietcap IQ and/or HOSE universe dry-run files
VSC,HOSE,hose:exchange_listings.csv:20260603T080254Z|hose:symbol_universe.csv:20260603T080254Z|vietcap_iq:exchange_listings.csv:20260604T101513Z|vietcap_iq:symbol_universe.csv:20260604T101513Z,high,source-backed exchange metadata from captured Vietcap IQ and/or HOSE universe dry-run files
VSE,UPCOM,vietcap_iq:exchange_listings.csv:20260604T101513Z|vietcap_iq:symbol_universe.csv:20260604T101513Z,high,source-backed exchange metadata from captured Vietcap IQ and/or HOSE universe dry-run files
VSF,UPCOM,vietcap_iq:exchange_listings.csv:20260604T101513Z|vietcap_iq:symbol_universe.csv:20260604T101513Z,high,source-backed exchange metadata from captured Vietcap IQ and/or HOSE universe dry-run files
VSG,UPCOM,vietcap_iq:exchange_listings.csv:20260604T101513Z|vietcap_iq:symbol_universe.csv:20260604T101513Z,high,source-backed exchange metadata from captured Vietcap IQ and/or HOSE universe dry-run files
VSH,HOSE,hose:exchange_listings.csv:20260603T080254Z|hose:symbol_universe.csv:20260603T080254Z|vietcap_iq:exchange_listings.csv:20260604T101513Z|vietcap_iq:symbol_universe.csv:20260604T101513Z,high,source-backed exchange metadata from captured Vietcap IQ and/or HOSE universe dry-run files
VSI,HOSE,hose:exchange_listings.csv:20260603T080254Z|hose:symbol_universe.csv:20260603T080254Z|vietcap_iq:exchange_listings.csv:20260604T101513Z|vietcap_iq:symbol_universe.csv:20260604T101513Z,high,source-backed exchange metadata from captured Vietcap IQ and/or HOSE universe dry-run files
VSM,HNX,vietcap_iq:exchange_listings.csv:20260604T101513Z|vietcap_iq:symbol_universe.csv:20260604T101513Z,high,source-backed exchange metadata from captured Vietcap IQ and/or HOSE universe dry-run files
VSN,UPCOM,vietcap_iq:exchange_listings.csv:20260604T101513Z|vietcap_iq:symbol_universe.csv:20260604T101513Z,high,source-backed exchange metadata from captured Vietcap IQ and/or HOSE universe dry-run files
VST,UPCOM,vietcap_iq:exchange_listings.csv:20260604T101513Z|vietcap_iq:symbol_universe.csv:20260604T101513Z,high,source-backed exchange metadata from captured Vietcap IQ and/or HOSE universe dry-run files
VTA,UPCOM,vietcap_iq:exchange_listings.csv:20260604T101513Z|vietcap_iq:symbol_universe.csv:20260604T101513Z,high,source-backed exchange metadata from captured Vietcap IQ and/or HOSE universe dry-run files
VTB,HOSE,hose:exchange_listings.csv:20260603T080254Z|hose:symbol_universe.csv:20260603T080254Z|vietcap_iq:exchange_listings.csv:20260604T101513Z|vietcap_iq:symbol_universe.csv:20260604T101513Z,high,source-backed exchange metadata from captured Vietcap IQ and/or HOSE universe dry-run files
VTC,HNX,vietcap_iq:exchange_listings.csv:20260604T101513Z|vietcap_iq:symbol_universe.csv:20260604T101513Z,high,source-backed exchange metadata from captured Vietcap IQ and/or HOSE universe dry-run files
VTD,UPCOM,vietcap_iq:exchange_listings.csv:20260604T101513Z|vietcap_iq:symbol_universe.csv:20260604T101513Z,high,source-backed exchange metadata from captured Vietcap IQ and/or HOSE universe dry-run files
VTE,UPCOM,vietcap_iq:exchange_listings.csv:20260604T101513Z|vietcap_iq:symbol_universe.csv:20260604T101513Z,high,source-backed exchange metadata from captured Vietcap IQ and/or HOSE universe dry-run files
VTG,UPCOM,vietcap_iq:exchange_listings.csv:20260604T101513Z|vietcap_iq:symbol_universe.csv:20260604T101513Z,high,source-backed exchange metadata from captured Vietcap IQ and/or HOSE universe dry-run files
VTH,HNX,vietcap_iq:exchange_listings.csv:20260604T101513Z|vietcap_iq:symbol_universe.csv:20260604T101513Z,high,source-backed exchange metadata from captured Vietcap IQ and/or HOSE universe dry-run files
VTI,UPCOM,vietcap_iq:exchange_listings.csv:20260604T101513Z|vietcap_iq:symbol_universe.csv:20260604T101513Z,high,source-backed exchange metadata from captured Vietcap IQ and/or HOSE universe dry-run files
VTJ,HNX,vietcap_iq:exchange_listings.csv:20260604T101513Z|vietcap_iq:symbol_universe.csv:20260604T101513Z,high,source-backed exchange metadata from captured Vietcap IQ and/or HOSE universe dry-run files
VTK,UPCOM,vietcap_iq:exchange_listings.csv:20260604T101513Z|vietcap_iq:symbol_universe.csv:20260604T101513Z,high,source-backed exchange metadata from captured Vietcap IQ and/or HOSE universe dry-run files
VTM,UPCOM,vietcap_iq:exchange_listings.csv:20260604T101513Z|vietcap_iq:symbol_universe.csv:20260604T101513Z,high,source-backed exchange metadata from captured Vietcap IQ and/or HOSE universe dry-run files
VTO,HOSE,hose:exchange_listings.csv:20260603T080254Z|hose:symbol_universe.csv:20260603T080254Z|vietcap_iq:exchange_listings.csv:20260604T101513Z|vietcap_iq:symbol_universe.csv:20260604T101513Z,high,source-backed exchange metadata from captured Vietcap IQ and/or HOSE universe dry-run files
VTP,HOSE,hose:exchange_listings.csv:20260603T080254Z|hose:symbol_universe.csv:20260603T080254Z|vietcap_iq:exchange_listings.csv:20260604T101513Z|vietcap_iq:symbol_universe.csv:20260604T101513Z,high,source-backed exchange metadata from captured Vietcap IQ and/or HOSE universe dry-run files
VTQ,UPCOM,vietcap_iq:exchange_listings.csv:20260604T101513Z|vietcap_iq:symbol_universe.csv:20260604T101513Z,high,source-backed exchange metadata from captured Vietcap IQ and/or HOSE universe dry-run files
VTR,UPCOM,vietcap_iq:exchange_listings.csv:20260604T101513Z|vietcap_iq:symbol_universe.csv:20260604T101513Z,high,source-backed exchange metadata from captured Vietcap IQ and/or HOSE universe dry-run files
VTS,UPCOM,vietcap_iq:exchange_listings.csv:20260604T101513Z|vietcap_iq:symbol_universe.csv:20260604T101513Z,high,source-backed exchange metadata from captured Vietcap IQ and/or HOSE universe dry-run files
VTV,HNX,vietcap_iq:exchange_listings.csv:20260604T101513Z|vietcap_iq:symbol_universe.csv:20260604T101513Z,high,source-backed exchange metadata from captured Vietcap IQ and/or HOSE universe dry-run files
VTX,UPCOM,vietcap_iq:exchange_listings.csv:20260604T101513Z|vietcap_iq:symbol_universe.csv:20260604T101513Z,high,source-backed exchange metadata from captured Vietcap IQ and/or HOSE universe dry-run files
VTZ,HNX,vietcap_iq:exchange_listings.csv:20260604T101513Z|vietcap_iq:symbol_universe.csv:20260604T101513Z,high,source-backed exchange metadata from captured Vietcap IQ and/or HOSE universe dry-run files
VUA,UPCOM,vietcap_iq:exchange_listings.csv:20260604T101513Z|vietcap_iq:symbol_universe.csv:20260604T101513Z,high,source-backed exchange metadata from captured Vietcap IQ and/or HOSE universe dry-run files
VVN,UPCOM,vietcap_iq:exchange_listings.csv:20260604T101513Z|vietcap_iq:symbol_universe.csv:20260604T101513Z,high,source-backed exchange metadata from captured Vietcap IQ and/or HOSE universe dry-run files
VVS,HOSE,hose:exchange_listings.csv:20260603T080254Z|hose:symbol_universe.csv:20260603T080254Z|vietcap_iq:exchange_listings.csv:20260604T101513Z|vietcap_iq:symbol_universe.csv:20260604T101513Z,high,source-backed exchange metadata from captured Vietcap IQ and/or HOSE universe dry-run files
VW3,UPCOM,vietcap_iq:exchange_listings.csv:20260604T101513Z|vietcap_iq:symbol_universe.csv:20260604T101513Z,high,source-backed exchange metadata from captured Vietcap IQ and/or HOSE universe dry-run files
VWS,UPCOM,vietcap_iq:exchange_listings.csv:20260604T101513Z|vietcap_iq:symbol_universe.csv:20260604T101513Z,high,source-backed exchange metadata from captured Vietcap IQ and/or HOSE universe dry-run files
VXB,UPCOM,vietcap_iq:exchange_listings.csv:20260604T101513Z|vietcap_iq:symbol_universe.csv:20260604T101513Z,high,source-backed exchange metadata from captured Vietcap IQ and/or HOSE universe dry-run files
VXP,UPCOM,vietcap_iq:exchange_listings.csv:20260604T101513Z|vietcap_iq:symbol_universe.csv:20260604T101513Z,high,source-backed exchange metadata from captured Vietcap IQ and/or HOSE universe dry-run files
VXT,UPCOM,vietcap_iq:exchange_listings.csv:20260604T101513Z|vietcap_iq:symbol_universe.csv:20260604T101513Z,high,source-backed exchange metadata from captured Vietcap IQ and/or HOSE universe dry-run files
WCS,HNX,vietcap_iq:exchange_listings.csv:20260604T101513Z|vietcap_iq:symbol_universe.csv:20260604T101513Z,high,source-backed exchange metadata from captured Vietcap IQ and/or HOSE universe dry-run files
WSB,UPCOM,vietcap_iq:exchange_listings.csv:20260604T101513Z|vietcap_iq:symbol_universe.csv:20260604T101513Z,high,source-backed exchange metadata from captured Vietcap IQ and/or HOSE universe dry-run files
WSS,HNX,vietcap_iq:exchange_listings.csv:20260604T101513Z|vietcap_iq:symbol_universe.csv:20260604T101513Z,high,source-backed exchange metadata from captured Vietcap IQ and/or HOSE universe dry-run files
WTC,UPCOM,vietcap_iq:exchange_listings.csv:20260604T101513Z|vietcap_iq:symbol_universe.csv:20260604T101513Z,high,source-backed exchange metadata from captured Vietcap IQ and/or HOSE universe dry-run files
X20,HNX,vietcap_iq:exchange_listings.csv:20260604T101513Z|vietcap_iq:symbol_universe.csv:20260604T101513Z,high,source-backed exchange metadata from captured Vietcap IQ and/or HOSE universe dry-run files
X26,UPCOM,vietcap_iq:exchange_listings.csv:20260604T101513Z|vietcap_iq:symbol_universe.csv:20260604T101513Z,high,source-backed exchange metadata from captured Vietcap IQ and/or HOSE universe dry-run files
X77,UPCOM,vietcap_iq:exchange_listings.csv:20260604T101513Z|vietcap_iq:symbol_universe.csv:20260604T101513Z,high,source-backed exchange metadata from captured Vietcap IQ and/or HOSE universe dry-run files
XDH,UPCOM,vietcap_iq:exchange_listings.csv:20260604T101513Z|vietcap_iq:symbol_universe.csv:20260604T101513Z,high,source-backed exchange metadata from captured Vietcap IQ and/or HOSE universe dry-run files
XHC,UPCOM,vietcap_iq:exchange_listings.csv:20260604T101513Z|vietcap_iq:symbol_universe.csv:20260604T101513Z,high,source-backed exchange metadata from captured Vietcap IQ and/or HOSE universe dry-run files
XLV,UPCOM,vietcap_iq:exchange_listings.csv:20260604T101513Z|vietcap_iq:symbol_universe.csv:20260604T101513Z,high,source-backed exchange metadata from captured Vietcap IQ and/or HOSE universe dry-run files
XMC,UPCOM,vietcap_iq:exchange_listings.csv:20260604T101513Z|vietcap_iq:symbol_universe.csv:20260604T101513Z,high,source-backed exchange metadata from captured Vietcap IQ and/or HOSE universe dry-run files
XMD,UPCOM,vietcap_iq:exchange_listings.csv:20260604T101513Z|vietcap_iq:symbol_universe.csv:20260604T101513Z,high,source-backed exchange metadata from captured Vietcap IQ and/or HOSE universe dry-run files
XMP,UPCOM,vietcap_iq:exchange_listings.csv:20260604T101513Z|vietcap_iq:symbol_universe.csv:20260604T101513Z,high,source-backed exchange metadata from captured Vietcap IQ and/or HOSE universe dry-run files
XPH,UPCOM,vietcap_iq:exchange_listings.csv:20260604T101513Z|vietcap_iq:symbol_universe.csv:20260604T101513Z,high,source-backed exchange metadata from captured Vietcap IQ and/or HOSE universe dry-run files
YBC,UPCOM,vietcap_iq:exchange_listings.csv:20260604T101513Z|vietcap_iq:symbol_universe.csv:20260604T101513Z,high,source-backed exchange metadata from captured Vietcap IQ and/or HOSE universe dry-run files
YBM,HOSE,hose:exchange_listings.csv:20260603T080254Z|hose:symbol_universe.csv:20260603T080254Z|vietcap_iq:exchange_listings.csv:20260604T101513Z|vietcap_iq:symbol_universe.csv:20260604T101513Z,high,source-backed exchange metadata from captured Vietcap IQ and/or HOSE universe dry-run files
YEG,HOSE,hose:exchange_listings.csv:20260603T080254Z|hose:symbol_universe.csv:20260603T080254Z|vietcap_iq:exchange_listings.csv:20260604T101513Z|vietcap_iq:symbol_universe.csv:20260604T101513Z,high,source-backed exchange metadata from captured Vietcap IQ and/or HOSE universe dry-run files
YTC,UPCOM,vietcap_iq:exchange_listings.csv:20260604T101513Z|vietcap_iq:symbol_universe.csv:20260604T101513Z,high,source-backed exchange metadata from captured Vietcap IQ and/or HOSE universe dry-run files
